[debug] [2026-08-04T14:34:18.456Z] [Firebase Plugin] Activating Firebase extension.
[debug] [2026-08-04T14:34:34.578Z] [Firebase Plugin] requireAuthWrapper
[debug] [2026-08-04T14:34:34.614Z] > command requires scopes: ["email","openid","https://www.googleapis.com/auth/cloudplatformprojects.readonly","https://www.googleapis.com/auth/firebase","https://www.googleapis.com/auth/cloud-platform"]
[debug] [2026-08-04T14:34:34.616Z] > authorizing via signed-in user (domlana009@gmail.com)
[debug] [2026-08-04T14:34:34.630Z] Checked if tokens are valid: false, expires at: 1785339257181
[debug] [2026-08-04T14:34:34.631Z] Checked if tokens are valid: false, expires at: 1785339257181
[debug] [2026-08-04T14:34:34.632Z] > refreshing access token with scopes: []
[debug] [2026-08-04T14:34:34.639Z] >>> [apiv2][query] POST https://www.googleapis.com/oauth2/v3/token [none]
[debug] [2026-08-04T14:34:34.640Z] >>> [apiv2][body] POST https://www.googleapis.com/oauth2/v3/token [omitted]
[debug] [2026-08-04T14:34:34.679Z] [Firebase Plugin] VSCode notification server listening on port 40001
[debug] [2026-08-04T14:34:35.410Z] Object "" in "firebase.json" has unknown property: {"additionalProperty":"flutter"}
[info] [Firebase Plugin] Starting SQL Connect toolkit (version 3.4.16) on port 50001
[info] i  dataconnect: downloading dataconnect-emulator-3.4.16.exe... {"metadata":{"emulator":{"name":"dataconnect"},"message":"downloading dataconnect-emulator-3.4.16.exe..."}}
[debug] [2026-08-04T14:34:35.448Z] >>> [apiv2][query] GET https://storage.googleapis.com/firemat-preview-drop/emulator/dataconnect-emulator-windows-amd64-v3.4.16 
[debug] [2026-08-04T14:34:36.068Z] <<< [apiv2][status] POST https://www.googleapis.com/oauth2/v3/token 200
[debug] [2026-08-04T14:34:36.069Z] <<< [apiv2][body] POST https://www.googleapis.com/oauth2/v3/token [omitted]
[debug] [2026-08-04T14:34:36.156Z] [Firebase Plugin] User found:  domlana009@gmail.com
[info] [Firebase Plugin] (Core:Project) New user detected, fetching projects
[debug] [2026-08-04T14:34:36.160Z] Checked if tokens are valid: true, expires at: 1785857675070
[debug] [2026-08-04T14:34:36.161Z] >>> [apiv2][query] GET https://firebase.googleapis.com/v1beta1/projects pageSize=1000
[debug] [2026-08-04T14:34:36.205Z] <<< [apiv2][status] GET https://storage.googleapis.com/firemat-preview-drop/emulator/dataconnect-emulator-windows-amd64-v3.4.16 200
[debug] [2026-08-04T14:34:36.206Z] <<< [apiv2][body] GET https://storage.googleapis.com/firemat-preview-drop/emulator/dataconnect-emulator-windows-amd64-v3.4.16 [stream]
[debug] [2026-08-04T14:34:38.341Z] <<< [apiv2][status] GET https://firebase.googleapis.com/v1beta1/projects 200
[debug] [2026-08-04T14:34:38.342Z] <<< [apiv2][body] GET https://firebase.googleapis.com/v1beta1/projects [omitted]
[debug] [2026-08-04T14:41:59.003Z] 'fdc build' failed with error: Unable to build your SQL Connect schema and connectors (exit code 1): E0804 15:41:58.984638    6128 cmd.go:43] Error loading data connect config: could not find dataconnect.yaml in `d:\App Pointage\dataconnect`
 {"metadata":{"emulator":{"name":"dataconnect"},"message":"'fdc build' failed with error: Unable to build your SQL Connect schema and connectors (exit code 1): E0804 15:41:58.984638    6128 cmd.go:43] Error loading data connect config: could not find dataconnect.yaml in `d:\\App Pointage\\dataconnect`\n"}}
[debug] [2026-08-04T14:41:59.006Z] Ignoring unsupported arg: auto_download {"metadata":{"emulator":{"name":"dataconnect"},"message":"Ignoring unsupported arg: auto_download"}}
[debug] [2026-08-04T14:41:59.007Z] Ignoring unsupported arg: port {"metadata":{"emulator":{"name":"dataconnect"},"message":"Ignoring unsupported arg: port"}}
[debug] [2026-08-04T14:41:59.037Z] Starting SQL Connect Emulator with command {"binary":"C:\\Users\\ZhuanZ2\\.cache\\firebase\\emulators\\dataconnect-emulator-3.4.16.exe","args":["--logtostderr","-v=2","dev","--listen=localhost:50001","--config_dir=d:\\App Pointage\\dataconnect","--enable_output_schema_extensions=true","--enable_output_generated_sdk=true"],"optionalArgs":["listen","config_dir","enable_output_schema_extensions","enable_output_generated_sdk"],"joinArgs":true,"shell":false,"port":9399} {"metadata":{"emulator":{"name":"dataconnect"},"message":"Starting SQL Connect Emulator with command {\"binary\":\"C:\\\\Users\\\\ZhuanZ2\\\\.cache\\\\firebase\\\\emulators\\\\dataconnect-emulator-3.4.16.exe\",\"args\":[\"--logtostderr\",\"-v=2\",\"dev\",\"--listen=localhost:50001\",\"--config_dir=d:\\\\App Pointage\\\\dataconnect\",\"--enable_output_schema_extensions=true\",\"--enable_output_generated_sdk=true\"],\"optionalArgs\":[\"listen\",\"config_dir\",\"enable_output_schema_extensions\",\"enable_output_generated_sdk\"],\"joinArgs\":true,\"shell\":false,\"port\":9399}"}}
[info] i  dataconnect: SQL Connect Emulator logging to dataconnect-debug.log {"metadata":{"emulator":{"name":"dataconnect"},"message":"SQL Connect Emulator logging to \u001b[1mdataconnect-debug.log\u001b[22m"}}
[debug] [2026-08-04T14:41:59.151Z] E0804 15:41:59.150310    6592 dev.go:80] Failed to load initial config from "d:\\App Pointage\\dataconnect": could not find dataconnect.yaml in `d:\App Pointage\dataconnect`
 {"metadata":{"emulator":{"name":"dataconnect"},"message":"E0804 15:41:59.150310    6592 dev.go:80] Failed to load initial config from \"d:\\\\App Pointage\\\\dataconnect\": could not find dataconnect.yaml in `d:\\App Pointage\\dataconnect`\n"}}
[debug] [2026-08-04T14:41:59.190Z] E0804 15:41:59.151940    6592 watch.go:116] watchAllDir unable to walk dir `d:\App Pointage\dataconnect`: GetFileAttributesEx d:\App Pointage\dataconnect: The system cannot find the file specified.
I0804 15:41:59.180209    6592 dev.go:101] Listening on address (HTTP + gRPC): 127.0.0.1:50001
 {"metadata":{"emulator":{"name":"dataconnect"},"message":"E0804 15:41:59.151940    6592 watch.go:116] watchAllDir unable to walk dir `d:\\App Pointage\\dataconnect`: GetFileAttributesEx d:\\App Pointage\\dataconnect: The system cannot find the file specified.\nI0804 15:41:59.180209    6592 dev.go:101] Listening on address (HTTP + gRPC): 127.0.0.1:50001\n"}}
[error] [Firebase Plugin] error:  {}
[debug] [2026-08-04T14:42:09.154Z] E0804 15:42:09.153974    6592 watch.go:40] Failed to load config from "d:\\App Pointage\\dataconnect": could not find dataconnect.yaml in `d:\App Pointage\dataconnect`
 {"metadata":{"emulator":{"name":"dataconnect"},"message":"E0804 15:42:09.153974    6592 watch.go:40] Failed to load config from \"d:\\\\App Pointage\\\\dataconnect\": could not find dataconnect.yaml in `d:\\App Pointage\\dataconnect`\n"}}
[debug] [2026-08-04T14:42:19.155Z] E0804 15:42:19.154669    6592 watch.go:40] Failed to load config from "d:\\App Pointage\\dataconnect": could not find dataconnect.yaml in `d:\App Pointage\dataconnect`
 {"metadata":{"emulator":{"name":"dataconnect"},"message":"E0804 15:42:19.154669    6592 watch.go:40] Failed to load config from \"d:\\\\App Pointage\\\\dataconnect\": could not find dataconnect.yaml in `d:\\App Pointage\\dataconnect`\n"}}
[debug] [2026-08-04T14:42:29.153Z] E0804 15:42:29.153456    6592 watch.go:40] Failed to load config from "d:\\App Pointage\\dataconnect": could not find dataconnect.yaml in `d:\App Pointage\dataconnect`
 {"metadata":{"emulator":{"name":"dataconnect"},"message":"E0804 15:42:29.153456    6592 watch.go:40] Failed to load config from \"d:\\\\App Pointage\\\\dataconnect\": could not find dataconnect.yaml in `d:\\App Pointage\\dataconnect`\n"}}
[debug] [2026-08-04T14:42:39.154Z] E0804 15:42:39.153425    6592 watch.go:40] Failed to load config from "d:\\App Pointage\\dataconnect": could not find dataconnect.yaml in `d:\App Pointage\dataconnect`
 {"metadata":{"emulator":{"name":"dataconnect"},"message":"E0804 15:42:39.153425    6592 watch.go:40] Failed to load config from \"d:\\\\App Pointage\\\\dataconnect\": could not find dataconnect.yaml in `d:\\App Pointage\\dataconnect`\n"}}
[debug] [2026-08-04T14:42:49.156Z] E0804 15:42:49.153968    6592 watch.go:40] Failed to load config from "d:\\App Pointage\\dataconnect": could not find dataconnect.yaml in `d:\App Pointage\dataconnect`
 {"metadata":{"emulator":{"name":"dataconnect"},"message":"E0804 15:42:49.153968    6592 watch.go:40] Failed to load config from \"d:\\\\App Pointage\\\\dataconnect\": could not find dataconnect.yaml in `d:\\App Pointage\\dataconnect`\n"}}
[debug] [2026-08-04T14:42:59.153Z] E0804 15:42:59.153553    6592 watch.go:116] watchAllDir unable to walk dir `d:\App Pointage\dataconnect`: GetFileAttributesEx d:\App Pointage\dataconnect: The system cannot find the file specified.
 {"metadata":{"emulator":{"name":"dataconnect"},"message":"E0804 15:42:59.153553    6592 watch.go:116] watchAllDir unable to walk dir `d:\\App Pointage\\dataconnect`: GetFileAttributesEx d:\\App Pointage\\dataconnect: The system cannot find the file specified.\n"}}
[debug] [2026-08-04T14:42:59.154Z] E0804 15:42:59.153553    6592 watch.go:40] Failed to load config from "d:\\App Pointage\\dataconnect": could not find dataconnect.yaml in `d:\App Pointage\dataconnect`
 {"metadata":{"emulator":{"name":"dataconnect"},"message":"E0804 15:42:59.153553    6592 watch.go:40] Failed to load config from \"d:\\\\App Pointage\\\\dataconnect\": could not find dataconnect.yaml in `d:\\App Pointage\\dataconnect`\n"}}
[debug] [2026-08-04T14:43:09.154Z] E0804 15:43:09.153588    6592 watch.go:40] Failed to load config from "d:\\App Pointage\\dataconnect": could not find dataconnect.yaml in `d:\App Pointage\dataconnect`
 {"metadata":{"emulator":{"name":"dataconnect"},"message":"E0804 15:43:09.153588    6592 watch.go:40] Failed to load config from \"d:\\\\App Pointage\\\\dataconnect\": could not find dataconnect.yaml in `d:\\App Pointage\\dataconnect`\n"}}
[debug] [2026-08-04T14:43:19.153Z] E0804 15:43:19.153481    6592 watch.go:40] Failed to load config from "d:\\App Pointage\\dataconnect": could not find dataconnect.yaml in `d:\App Pointage\dataconnect`
 {"metadata":{"emulator":{"name":"dataconnect"},"message":"E0804 15:43:19.153481    6592 watch.go:40] Failed to load config from \"d:\\\\App Pointage\\\\dataconnect\": could not find dataconnect.yaml in `d:\\App Pointage\\dataconnect`\n"}}
[debug] [2026-08-04T14:43:29.154Z] E0804 15:43:29.153630    6592 watch.go:40] Failed to load config from "d:\\App Pointage\\dataconnect": could not find dataconnect.yaml in `d:\App Pointage\dataconnect`
 {"metadata":{"emulator":{"name":"dataconnect"},"message":"E0804 15:43:29.153630    6592 watch.go:40] Failed to load config from \"d:\\\\App Pointage\\\\dataconnect\": could not find dataconnect.yaml in `d:\\App Pointage\\dataconnect`\n"}}
[debug] [2026-08-04T14:43:39.154Z] E0804 15:43:39.153798    6592 watch.go:40] Failed to load config from "d:\\App Pointage\\dataconnect": could not find dataconnect.yaml in `d:\App Pointage\dataconnect`
 {"metadata":{"emulator":{"name":"dataconnect"},"message":"E0804 15:43:39.153798    6592 watch.go:40] Failed to load config from \"d:\\\\App Pointage\\\\dataconnect\": could not find dataconnect.yaml in `d:\\App Pointage\\dataconnect`\n"}}
[debug] [2026-08-04T14:43:49.154Z] E0804 15:43:49.153718    6592 watch.go:40] Failed to load config from "d:\\App Pointage\\dataconnect": could not find dataconnect.yaml in `d:\App Pointage\dataconnect`
 {"metadata":{"emulator":{"name":"dataconnect"},"message":"E0804 15:43:49.153718    6592 watch.go:40] Failed to load config from \"d:\\\\App Pointage\\\\dataconnect\": could not find dataconnect.yaml in `d:\\App Pointage\\dataconnect`\n"}}
[debug] [2026-08-04T14:43:59.166Z] E0804 15:43:59.154791    6592 watch.go:116] watchAllDir unable to walk dir `d:\App Pointage\dataconnect`: GetFileAttributesEx d:\App Pointage\dataconnect: The system cannot find the file specified.
E0804 15:43:59.155281    6592 watch.go:40] Failed to load config from "d:\\App Pointage\\dataconnect": could not find dataconnect.yaml in `d:\App Pointage\dataconnect`
 {"metadata":{"emulator":{"name":"dataconnect"},"message":"E0804 15:43:59.154791    6592 watch.go:116] watchAllDir unable to walk dir `d:\\App Pointage\\dataconnect`: GetFileAttributesEx d:\\App Pointage\\dataconnect: The system cannot find the file specified.\nE0804 15:43:59.155281    6592 watch.go:40] Failed to load config from \"d:\\\\App Pointage\\\\dataconnect\": could not find dataconnect.yaml in `d:\\App Pointage\\dataconnect`\n"}}
[debug] [2026-08-04T14:44:09.184Z] E0804 15:44:09.183989    6592 watch.go:40] Failed to load config from "d:\\App Pointage\\dataconnect": could not find dataconnect.yaml in `d:\App Pointage\dataconnect`
 {"metadata":{"emulator":{"name":"dataconnect"},"message":"E0804 15:44:09.183989    6592 watch.go:40] Failed to load config from \"d:\\\\App Pointage\\\\dataconnect\": could not find dataconnect.yaml in `d:\\App Pointage\\dataconnect`\n"}}
[debug] [2026-08-04T14:44:19.153Z] E0804 15:44:19.153451    6592 watch.go:40] Failed to load config from "d:\\App Pointage\\dataconnect": could not find dataconnect.yaml in `d:\App Pointage\dataconnect`
 {"metadata":{"emulator":{"name":"dataconnect"},"message":"E0804 15:44:19.153451    6592 watch.go:40] Failed to load config from \"d:\\\\App Pointage\\\\dataconnect\": could not find dataconnect.yaml in `d:\\App Pointage\\dataconnect`\n"}}
[debug] [2026-08-04T14:44:29.154Z] E0804 15:44:29.153905    6592 watch.go:40] Failed to load config from "d:\\App Pointage\\dataconnect": could not find dataconnect.yaml in `d:\App Pointage\dataconnect`
 {"metadata":{"emulator":{"name":"dataconnect"},"message":"E0804 15:44:29.153905    6592 watch.go:40] Failed to load config from \"d:\\\\App Pointage\\\\dataconnect\": could not find dataconnect.yaml in `d:\\App Pointage\\dataconnect`\n"}}
[debug] [2026-08-04T14:44:39.153Z] E0804 15:44:39.153767    6592 watch.go:40] Failed to load config from "d:\\App Pointage\\dataconnect": could not find dataconnect.yaml in `d:\App Pointage\dataconnect`
 {"metadata":{"emulator":{"name":"dataconnect"},"message":"E0804 15:44:39.153767    6592 watch.go:40] Failed to load config from \"d:\\\\App Pointage\\\\dataconnect\": could not find dataconnect.yaml in `d:\\App Pointage\\dataconnect`\n"}}
[debug] [2026-08-04T14:44:49.154Z] E0804 15:44:49.153666    6592 watch.go:40] Failed to load config from "d:\\App Pointage\\dataconnect": could not find dataconnect.yaml in `d:\App Pointage\dataconnect`
 {"metadata":{"emulator":{"name":"dataconnect"},"message":"E0804 15:44:49.153666    6592 watch.go:40] Failed to load config from \"d:\\\\App Pointage\\\\dataconnect\": could not find dataconnect.yaml in `d:\\App Pointage\\dataconnect`\n"}}
[debug] [2026-08-04T14:44:59.153Z] E0804 15:44:59.153447    6592 watch.go:116] watchAllDir unable to walk dir `d:\App Pointage\dataconnect`: GetFileAttributesEx d:\App Pointage\dataconnect: The system cannot find the file specified.
E0804 15:44:59.153447    6592 watch.go:40] Failed to load config from "d:\\App Pointage\\dataconnect": could not find dataconnect.yaml in `d:\App Pointage\dataconnect`
 {"metadata":{"emulator":{"name":"dataconnect"},"message":"E0804 15:44:59.153447    6592 watch.go:116] watchAllDir unable to walk dir `d:\\App Pointage\\dataconnect`: GetFileAttributesEx d:\\App Pointage\\dataconnect: The system cannot find the file specified.\nE0804 15:44:59.153447    6592 watch.go:40] Failed to load config from \"d:\\\\App Pointage\\\\dataconnect\": could not find dataconnect.yaml in `d:\\App Pointage\\dataconnect`\n"}}
[debug] [2026-08-04T14:45:09.153Z] E0804 15:45:09.153638    6592 watch.go:40] Failed to load config from "d:\\App Pointage\\dataconnect": could not find dataconnect.yaml in `d:\App Pointage\dataconnect`
 {"metadata":{"emulator":{"name":"dataconnect"},"message":"E0804 15:45:09.153638    6592 watch.go:40] Failed to load config from \"d:\\\\App Pointage\\\\dataconnect\": could not find dataconnect.yaml in `d:\\App Pointage\\dataconnect`\n"}}
[debug] [2026-08-04T14:45:19.165Z] E0804 15:45:19.164747    6592 watch.go:40] Failed to load config from "d:\\App Pointage\\dataconnect": could not find dataconnect.yaml in `d:\App Pointage\dataconnect`
 {"metadata":{"emulator":{"name":"dataconnect"},"message":"E0804 15:45:19.164747    6592 watch.go:40] Failed to load config from \"d:\\\\App Pointage\\\\dataconnect\": could not find dataconnect.yaml in `d:\\App Pointage\\dataconnect`\n"}}
[debug] [2026-08-04T14:45:29.153Z] E0804 15:45:29.153722    6592 watch.go:40] Failed to load config from "d:\\App Pointage\\dataconnect": could not find dataconnect.yaml in `d:\App Pointage\dataconnect`
 {"metadata":{"emulator":{"name":"dataconnect"},"message":"E0804 15:45:29.153722    6592 watch.go:40] Failed to load config from \"d:\\\\App Pointage\\\\dataconnect\": could not find dataconnect.yaml in `d:\\App Pointage\\dataconnect`\n"}}
[debug] [2026-08-04T14:45:39.153Z] E0804 15:45:39.153611    6592 watch.go:40] Failed to load config from "d:\\App Pointage\\dataconnect": could not find dataconnect.yaml in `d:\App Pointage\dataconnect`
 {"metadata":{"emulator":{"name":"dataconnect"},"message":"E0804 15:45:39.153611    6592 watch.go:40] Failed to load config from \"d:\\\\App Pointage\\\\dataconnect\": could not find dataconnect.yaml in `d:\\App Pointage\\dataconnect`\n"}}
[debug] [2026-08-04T14:45:49.153Z] E0804 15:45:49.153651    6592 watch.go:40] Failed to load config from "d:\\App Pointage\\dataconnect": could not find dataconnect.yaml in `d:\App Pointage\dataconnect`
 {"metadata":{"emulator":{"name":"dataconnect"},"message":"E0804 15:45:49.153651    6592 watch.go:40] Failed to load config from \"d:\\\\App Pointage\\\\dataconnect\": could not find dataconnect.yaml in `d:\\App Pointage\\dataconnect`\n"}}
[debug] [2026-08-04T14:45:59.153Z] E0804 15:45:59.153559    6592 watch.go:40] Failed to load config from "d:\\App Pointage\\dataconnect": could not find dataconnect.yaml in `d:\App Pointage\dataconnect`
 {"metadata":{"emulator":{"name":"dataconnect"},"message":"E0804 15:45:59.153559    6592 watch.go:40] Failed to load config from \"d:\\\\App Pointage\\\\dataconnect\": could not find dataconnect.yaml in `d:\\App Pointage\\dataconnect`\n"}}
[debug] [2026-08-04T14:45:59.208Z] E0804 15:45:59.153559    6592 watch.go:116] watchAllDir unable to walk dir `d:\App Pointage\dataconnect`: GetFileAttributesEx d:\App Pointage\dataconnect: The system cannot find the file specified.
 {"metadata":{"emulator":{"name":"dataconnect"},"message":"E0804 15:45:59.153559    6592 watch.go:116] watchAllDir unable to walk dir `d:\\App Pointage\\dataconnect`: GetFileAttributesEx d:\\App Pointage\\dataconnect: The system cannot find the file specified.\n"}}
[debug] [2026-08-04T14:46:09.153Z] E0804 15:46:09.153891    6592 watch.go:40] Failed to load config from "d:\\App Pointage\\dataconnect": could not find dataconnect.yaml in `d:\App Pointage\dataconnect`
 {"metadata":{"emulator":{"name":"dataconnect"},"message":"E0804 15:46:09.153891    6592 watch.go:40] Failed to load config from \"d:\\\\App Pointage\\\\dataconnect\": could not find dataconnect.yaml in `d:\\App Pointage\\dataconnect`\n"}}
[debug] [2026-08-04T14:46:19.190Z] E0804 15:46:19.163159    6592 watch.go:40] Failed to load config from "d:\\App Pointage\\dataconnect": could not find dataconnect.yaml in `d:\App Pointage\dataconnect`
 {"metadata":{"emulator":{"name":"dataconnect"},"message":"E0804 15:46:19.163159    6592 watch.go:40] Failed to load config from \"d:\\\\App Pointage\\\\dataconnect\": could not find dataconnect.yaml in `d:\\App Pointage\\dataconnect`\n"}}
[debug] [2026-08-04T14:46:29.154Z] E0804 15:46:29.153888    6592 watch.go:40] Failed to load config from "d:\\App Pointage\\dataconnect": could not find dataconnect.yaml in `d:\App Pointage\dataconnect`
 {"metadata":{"emulator":{"name":"dataconnect"},"message":"E0804 15:46:29.153888    6592 watch.go:40] Failed to load config from \"d:\\\\App Pointage\\\\dataconnect\": could not find dataconnect.yaml in `d:\\App Pointage\\dataconnect`\n"}}
[debug] [2026-08-04T14:46:39.196Z] E0804 15:46:39.153911    6592 watch.go:40] Failed to load config from "d:\\App Pointage\\dataconnect": could not find dataconnect.yaml in `d:\App Pointage\dataconnect`
 {"metadata":{"emulator":{"name":"dataconnect"},"message":"E0804 15:46:39.153911    6592 watch.go:40] Failed to load config from \"d:\\\\App Pointage\\\\dataconnect\": could not find dataconnect.yaml in `d:\\App Pointage\\dataconnect`\n"}}
[debug] [2026-08-04T14:46:49.157Z] E0804 15:46:49.157475    6592 watch.go:40] Failed to load config from "d:\\App Pointage\\dataconnect": could not find dataconnect.yaml in `d:\App Pointage\dataconnect`
 {"metadata":{"emulator":{"name":"dataconnect"},"message":"E0804 15:46:49.157475    6592 watch.go:40] Failed to load config from \"d:\\\\App Pointage\\\\dataconnect\": could not find dataconnect.yaml in `d:\\App Pointage\\dataconnect`\n"}}
[debug] [2026-08-04T14:46:59.154Z] E0804 15:46:59.153603    6592 watch.go:116] watchAllDir unable to walk dir `d:\App Pointage\dataconnect`: GetFileAttributesEx d:\App Pointage\dataconnect: The system cannot find the file specified.
E0804 15:46:59.153603    6592 watch.go:40] Failed to load config from "d:\\App Pointage\\dataconnect": could not find dataconnect.yaml in `d:\App Pointage\dataconnect`
 {"metadata":{"emulator":{"name":"dataconnect"},"message":"E0804 15:46:59.153603    6592 watch.go:116] watchAllDir unable to walk dir `d:\\App Pointage\\dataconnect`: GetFileAttributesEx d:\\App Pointage\\dataconnect: The system cannot find the file specified.\nE0804 15:46:59.153603    6592 watch.go:40] Failed to load config from \"d:\\\\App Pointage\\\\dataconnect\": could not find dataconnect.yaml in `d:\\App Pointage\\dataconnect`\n"}}
[debug] [2026-08-04T14:47:09.154Z] E0804 15:47:09.153799    6592 watch.go:40] Failed to load config from "d:\\App Pointage\\dataconnect": could not find dataconnect.yaml in `d:\App Pointage\dataconnect`
 {"metadata":{"emulator":{"name":"dataconnect"},"message":"E0804 15:47:09.153799    6592 watch.go:40] Failed to load config from \"d:\\\\App Pointage\\\\dataconnect\": could not find dataconnect.yaml in `d:\\App Pointage\\dataconnect`\n"}}
[debug] [2026-08-04T14:47:19.168Z] E0804 15:47:19.167211    6592 watch.go:40] Failed to load config from "d:\\App Pointage\\dataconnect": could not find dataconnect.yaml in `d:\App Pointage\dataconnect`
 {"metadata":{"emulator":{"name":"dataconnect"},"message":"E0804 15:47:19.167211    6592 watch.go:40] Failed to load config from \"d:\\\\App Pointage\\\\dataconnect\": could not find dataconnect.yaml in `d:\\App Pointage\\dataconnect`\n"}}
[debug] [2026-08-04T14:47:29.154Z] E0804 15:47:29.154060    6592 watch.go:40] Failed to load config from "d:\\App Pointage\\dataconnect": could not find dataconnect.yaml in `d:\App Pointage\dataconnect`
 {"metadata":{"emulator":{"name":"dataconnect"},"message":"E0804 15:47:29.154060    6592 watch.go:40] Failed to load config from \"d:\\\\App Pointage\\\\dataconnect\": could not find dataconnect.yaml in `d:\\App Pointage\\dataconnect`\n"}}
[debug] [2026-08-04T14:47:39.153Z] E0804 15:47:39.153423    6592 watch.go:40] Failed to load config from "d:\\App Pointage\\dataconnect": could not find dataconnect.yaml in `d:\App Pointage\dataconnect`
 {"metadata":{"emulator":{"name":"dataconnect"},"message":"E0804 15:47:39.153423    6592 watch.go:40] Failed to load config from \"d:\\\\App Pointage\\\\dataconnect\": could not find dataconnect.yaml in `d:\\App Pointage\\dataconnect`\n"}}
[debug] [2026-08-04T14:47:49.155Z] E0804 15:47:49.154286    6592 watch.go:40] Failed to load config from "d:\\App Pointage\\dataconnect": could not find dataconnect.yaml in `d:\App Pointage\dataconnect`
 {"metadata":{"emulator":{"name":"dataconnect"},"message":"E0804 15:47:49.154286    6592 watch.go:40] Failed to load config from \"d:\\\\App Pointage\\\\dataconnect\": could not find dataconnect.yaml in `d:\\App Pointage\\dataconnect`\n"}}
[debug] [2026-08-04T14:47:59.153Z] E0804 15:47:59.153806    6592 watch.go:116] watchAllDir unable to walk dir `d:\App Pointage\dataconnect`: GetFileAttributesEx d:\App Pointage\dataconnect: The system cannot find the file specified.
E0804 15:47:59.153806    6592 watch.go:40] Failed to load config from "d:\\App Pointage\\dataconnect": could not find dataconnect.yaml in `d:\App Pointage\dataconnect`
 {"metadata":{"emulator":{"name":"dataconnect"},"message":"E0804 15:47:59.153806    6592 watch.go:116] watchAllDir unable to walk dir `d:\\App Pointage\\dataconnect`: GetFileAttributesEx d:\\App Pointage\\dataconnect: The system cannot find the file specified.\nE0804 15:47:59.153806    6592 watch.go:40] Failed to load config from \"d:\\\\App Pointage\\\\dataconnect\": could not find dataconnect.yaml in `d:\\App Pointage\\dataconnect`\n"}}
[debug] [2026-08-04T14:48:09.155Z] E0804 15:48:09.154721    6592 watch.go:40] Failed to load config from "d:\\App Pointage\\dataconnect": could not find dataconnect.yaml in `d:\App Pointage\dataconnect`
 {"metadata":{"emulator":{"name":"dataconnect"},"message":"E0804 15:48:09.154721    6592 watch.go:40] Failed to load config from \"d:\\\\App Pointage\\\\dataconnect\": could not find dataconnect.yaml in `d:\\App Pointage\\dataconnect`\n"}}
[debug] [2026-08-04T14:48:19.154Z] E0804 15:48:19.154370    6592 watch.go:40] Failed to load config from "d:\\App Pointage\\dataconnect": could not find dataconnect.yaml in `d:\App Pointage\dataconnect`
 {"metadata":{"emulator":{"name":"dataconnect"},"message":"E0804 15:48:19.154370    6592 watch.go:40] Failed to load config from \"d:\\\\App Pointage\\\\dataconnect\": could not find dataconnect.yaml in `d:\\App Pointage\\dataconnect`\n"}}
[debug] [2026-08-04T14:48:29.155Z] E0804 15:48:29.154776    6592 watch.go:40] Failed to load config from "d:\\App Pointage\\dataconnect": could not find dataconnect.yaml in `d:\App Pointage\dataconnect`
 {"metadata":{"emulator":{"name":"dataconnect"},"message":"E0804 15:48:29.154776    6592 watch.go:40] Failed to load config from \"d:\\\\App Pointage\\\\dataconnect\": could not find dataconnect.yaml in `d:\\App Pointage\\dataconnect`\n"}}
[debug] [2026-08-04T14:48:39.154Z] E0804 15:48:39.153756    6592 watch.go:40] Failed to load config from "d:\\App Pointage\\dataconnect": could not find dataconnect.yaml in `d:\App Pointage\dataconnect`
 {"metadata":{"emulator":{"name":"dataconnect"},"message":"E0804 15:48:39.153756    6592 watch.go:40] Failed to load config from \"d:\\\\App Pointage\\\\dataconnect\": could not find dataconnect.yaml in `d:\\App Pointage\\dataconnect`\n"}}
[debug] [2026-08-04T14:48:49.202Z] E0804 15:48:49.201628    6592 watch.go:40] Failed to load config from "d:\\App Pointage\\dataconnect": could not find dataconnect.yaml in `d:\App Pointage\dataconnect`
 {"metadata":{"emulator":{"name":"dataconnect"},"message":"E0804 15:48:49.201628    6592 watch.go:40] Failed to load config from \"d:\\\\App Pointage\\\\dataconnect\": could not find dataconnect.yaml in `d:\\App Pointage\\dataconnect`\n"}}
[debug] [2026-08-04T14:48:59.154Z] E0804 15:48:59.153584    6592 watch.go:116] watchAllDir unable to walk dir `d:\App Pointage\dataconnect`: GetFileAttributesEx d:\App Pointage\dataconnect: The system cannot find the file specified.
E0804 15:48:59.153584    6592 watch.go:40] Failed to load config from "d:\\App Pointage\\dataconnect": could not find dataconnect.yaml in `d:\App Pointage\dataconnect`
 {"metadata":{"emulator":{"name":"dataconnect"},"message":"E0804 15:48:59.153584    6592 watch.go:116] watchAllDir unable to walk dir `d:\\App Pointage\\dataconnect`: GetFileAttributesEx d:\\App Pointage\\dataconnect: The system cannot find the file specified.\nE0804 15:48:59.153584    6592 watch.go:40] Failed to load config from \"d:\\\\App Pointage\\\\dataconnect\": could not find dataconnect.yaml in `d:\\App Pointage\\dataconnect`\n"}}
[debug] [2026-08-04T14:49:09.191Z] E0804 15:49:09.186494    6592 watch.go:40] Failed to load config from "d:\\App Pointage\\dataconnect": could not find dataconnect.yaml in `d:\App Pointage\dataconnect`
 {"metadata":{"emulator":{"name":"dataconnect"},"message":"E0804 15:49:09.186494    6592 watch.go:40] Failed to load config from \"d:\\\\App Pointage\\\\dataconnect\": could not find dataconnect.yaml in `d:\\App Pointage\\dataconnect`\n"}}
[debug] [2026-08-04T14:49:19.154Z] E0804 15:49:19.153593    6592 watch.go:40] Failed to load config from "d:\\App Pointage\\dataconnect": could not find dataconnect.yaml in `d:\App Pointage\dataconnect`
 {"metadata":{"emulator":{"name":"dataconnect"},"message":"E0804 15:49:19.153593    6592 watch.go:40] Failed to load config from \"d:\\\\App Pointage\\\\dataconnect\": could not find dataconnect.yaml in `d:\\App Pointage\\dataconnect`\n"}}
[debug] [2026-08-04T14:49:29.154Z] E0804 15:49:29.153807    6592 watch.go:40] Failed to load config from "d:\\App Pointage\\dataconnect": could not find dataconnect.yaml in `d:\App Pointage\dataconnect`
 {"metadata":{"emulator":{"name":"dataconnect"},"message":"E0804 15:49:29.153807    6592 watch.go:40] Failed to load config from \"d:\\\\App Pointage\\\\dataconnect\": could not find dataconnect.yaml in `d:\\App Pointage\\dataconnect`\n"}}
[info] [Firebase Plugin] Stopping SQL Connect toolkit
[warn] !  SQL Connect Emulator has exited upon receiving signal: SIGINT 
[debug] [2026-08-04T16:29:29.278Z] [Firebase Plugin] Activating Firebase extension.
[debug] [2026-08-04T16:29:47.456Z] [Firebase Plugin] requireAuthWrapper
[debug] [2026-08-04T16:29:47.490Z] > command requires scopes: ["email","openid","https://www.googleapis.com/auth/cloudplatformprojects.readonly","https://www.googleapis.com/auth/firebase","https://www.googleapis.com/auth/cloud-platform"]
[debug] [2026-08-04T16:29:47.491Z] > authorizing via signed-in user (domlana009@gmail.com)
[debug] [2026-08-04T16:29:47.506Z] Checked if tokens are valid: false, expires at: 1785857675070
[debug] [2026-08-04T16:29:47.507Z] Checked if tokens are valid: false, expires at: 1785857675070
[debug] [2026-08-04T16:29:47.508Z] > refreshing access token with scopes: []
[debug] [2026-08-04T16:29:47.516Z] >>> [apiv2][query] POST https://www.googleapis.com/oauth2/v3/token [none]
[debug] [2026-08-04T16:29:47.518Z] >>> [apiv2][body] POST https://www.googleapis.com/oauth2/v3/token [omitted]
[debug] [2026-08-04T16:29:47.559Z] [Firebase Plugin] VSCode notification server listening on port 40001
[debug] [2026-08-04T16:29:49.124Z] Object "" in "firebase.json" has unknown property: {"additionalProperty":"flutter"}
[info] [Firebase Plugin] Starting SQL Connect toolkit (version 3.4.16) on port 50001
[debug] [2026-08-04T16:29:49.767Z] 'fdc build' failed with error: Unable to build your SQL Connect schema and connectors (exit code 1): E0804 17:29:49.738176   14032 cmd.go:43] Error loading data connect config: could not find dataconnect.yaml in `d:\App Pointage\dataconnect`
 {"metadata":{"emulator":{"name":"dataconnect"},"message":"'fdc build' failed with error: Unable to build your SQL Connect schema and connectors (exit code 1): E0804 17:29:49.738176   14032 cmd.go:43] Error loading data connect config: could not find dataconnect.yaml in `d:\\App Pointage\\dataconnect`\n"}}
[debug] [2026-08-04T16:29:49.771Z] Ignoring unsupported arg: auto_download {"metadata":{"emulator":{"name":"dataconnect"},"message":"Ignoring unsupported arg: auto_download"}}
[debug] [2026-08-04T16:29:49.771Z] Ignoring unsupported arg: port {"metadata":{"emulator":{"name":"dataconnect"},"message":"Ignoring unsupported arg: port"}}
[debug] [2026-08-04T16:29:49.772Z] Starting SQL Connect Emulator with command {"binary":"C:\\Users\\ZhuanZ2\\.cache\\firebase\\emulators\\dataconnect-emulator-3.4.16.exe","args":["--logtostderr","-v=2","dev","--listen=localhost:50001","--config_dir=d:\\App Pointage\\dataconnect","--enable_output_schema_extensions=true","--enable_output_generated_sdk=true"],"optionalArgs":["listen","config_dir","enable_output_schema_extensions","enable_output_generated_sdk"],"joinArgs":true,"shell":false,"port":9399} {"metadata":{"emulator":{"name":"dataconnect"},"message":"Starting SQL Connect Emulator with command {\"binary\":\"C:\\\\Users\\\\ZhuanZ2\\\\.cache\\\\firebase\\\\emulators\\\\dataconnect-emulator-3.4.16.exe\",\"args\":[\"--logtostderr\",\"-v=2\",\"dev\",\"--listen=localhost:50001\",\"--config_dir=d:\\\\App Pointage\\\\dataconnect\",\"--enable_output_schema_extensions=true\",\"--enable_output_generated_sdk=true\"],\"optionalArgs\":[\"listen\",\"config_dir\",\"enable_output_schema_extensions\",\"enable_output_generated_sdk\"],\"joinArgs\":true,\"shell\":false,\"port\":9399}"}}
[info] i  dataconnect: SQL Connect Emulator logging to dataconnect-debug.log {"metadata":{"emulator":{"name":"dataconnect"},"message":"SQL Connect Emulator logging to \u001b[1mdataconnect-debug.log\u001b[22m"}}
[debug] [2026-08-04T16:29:50.785Z] E0804 17:29:50.157064   14020 dev.go:80] Failed to load initial config from "d:\\App Pointage\\dataconnect": could not find dataconnect.yaml in `d:\App Pointage\dataconnect`
E0804 17:29:50.160868   14020 watch.go:116] watchAllDir unable to walk dir `d:\App Pointage\dataconnect`: GetFileAttributesEx d:\App Pointage\dataconnect: The system cannot find the file specified.
I0804 17:29:50.274006   14020 dev.go:101] Listening on address (HTTP + gRPC): 127.0.0.1:50001
 {"metadata":{"emulator":{"name":"dataconnect"},"message":"E0804 17:29:50.157064   14020 dev.go:80] Failed to load initial config from \"d:\\\\App Pointage\\\\dataconnect\": could not find dataconnect.yaml in `d:\\App Pointage\\dataconnect`\nE0804 17:29:50.160868   14020 watch.go:116] watchAllDir unable to walk dir `d:\\App Pointage\\dataconnect`: GetFileAttributesEx d:\\App Pointage\\dataconnect: The system cannot find the file specified.\nI0804 17:29:50.274006   14020 dev.go:101] Listening on address (HTTP + gRPC): 127.0.0.1:50001\n"}}
[debug] [2026-08-04T16:29:51.937Z] <<< [apiv2][status] POST https://www.googleapis.com/oauth2/v3/token 200
[debug] [2026-08-04T16:29:51.937Z] <<< [apiv2][body] POST https://www.googleapis.com/oauth2/v3/token [omitted]
[debug] [2026-08-04T16:29:52.021Z] [Firebase Plugin] User found:  domlana009@gmail.com
[info] [Firebase Plugin] (Core:Project) New user detected, fetching projects
[debug] [2026-08-04T16:29:52.025Z] Checked if tokens are valid: true, expires at: 1785864590938
[debug] [2026-08-04T16:29:52.026Z] >>> [apiv2][query] GET https://firebase.googleapis.com/v1beta1/projects pageSize=1000
[error] [Firebase Plugin] error:  {}
[debug] [2026-08-04T16:29:53.281Z] <<< [apiv2][status] GET https://firebase.googleapis.com/v1beta1/projects 200
[debug] [2026-08-04T16:29:53.283Z] <<< [apiv2][body] GET https://firebase.googleapis.com/v1beta1/projects [omitted]
[debug] [2026-08-04T16:30:00.271Z] E0804 17:30:00.191952   14020 watch.go:40] Failed to load config from "d:\\App Pointage\\dataconnect": could not find dataconnect.yaml in `d:\App Pointage\dataconnect`
 {"metadata":{"emulator":{"name":"dataconnect"},"message":"E0804 17:30:00.191952   14020 watch.go:40] Failed to load config from \"d:\\\\App Pointage\\\\dataconnect\": could not find dataconnect.yaml in `d:\\App Pointage\\dataconnect`\n"}}
[debug] [2026-08-04T16:30:10.163Z] E0804 17:30:10.163042   14020 watch.go:40] Failed to load config from "d:\\App Pointage\\dataconnect": could not find dataconnect.yaml in `d:\App Pointage\dataconnect`
 {"metadata":{"emulator":{"name":"dataconnect"},"message":"E0804 17:30:10.163042   14020 watch.go:40] Failed to load config from \"d:\\\\App Pointage\\\\dataconnect\": could not find dataconnect.yaml in `d:\\App Pointage\\dataconnect`\n"}}
[debug] [2026-08-04T16:30:20.162Z] E0804 17:30:20.162458   14020 watch.go:40] Failed to load config from "d:\\App Pointage\\dataconnect": could not find dataconnect.yaml in `d:\App Pointage\dataconnect`
 {"metadata":{"emulator":{"name":"dataconnect"},"message":"E0804 17:30:20.162458   14020 watch.go:40] Failed to load config from \"d:\\\\App Pointage\\\\dataconnect\": could not find dataconnect.yaml in `d:\\App Pointage\\dataconnect`\n"}}
[debug] [2026-08-04T16:30:30.162Z] E0804 17:30:30.162225   14020 watch.go:40] Failed to load config from "d:\\App Pointage\\dataconnect": could not find dataconnect.yaml in `d:\App Pointage\dataconnect`
 {"metadata":{"emulator":{"name":"dataconnect"},"message":"E0804 17:30:30.162225   14020 watch.go:40] Failed to load config from \"d:\\\\App Pointage\\\\dataconnect\": could not find dataconnect.yaml in `d:\\App Pointage\\dataconnect`\n"}}
[debug] [2026-08-04T16:30:40.162Z] E0804 17:30:40.162467   14020 watch.go:40] Failed to load config from "d:\\App Pointage\\dataconnect": could not find dataconnect.yaml in `d:\App Pointage\dataconnect`
 {"metadata":{"emulator":{"name":"dataconnect"},"message":"E0804 17:30:40.162467   14020 watch.go:40] Failed to load config from \"d:\\\\App Pointage\\\\dataconnect\": could not find dataconnect.yaml in `d:\\App Pointage\\dataconnect`\n"}}
[debug] [2026-08-04T16:30:50.163Z] E0804 17:30:50.162895   14020 watch.go:116] watchAllDir unable to walk dir `d:\App Pointage\dataconnect`: GetFileAttributesEx d:\App Pointage\dataconnect: The system cannot find the file specified.
 {"metadata":{"emulator":{"name":"dataconnect"},"message":"E0804 17:30:50.162895   14020 watch.go:116] watchAllDir unable to walk dir `d:\\App Pointage\\dataconnect`: GetFileAttributesEx d:\\App Pointage\\dataconnect: The system cannot find the file specified.\n"}}
[debug] [2026-08-04T16:30:50.165Z] E0804 17:30:50.163406   14020 watch.go:40] Failed to load config from "d:\\App Pointage\\dataconnect": could not find dataconnect.yaml in `d:\App Pointage\dataconnect`
 {"metadata":{"emulator":{"name":"dataconnect"},"message":"E0804 17:30:50.163406   14020 watch.go:40] Failed to load config from \"d:\\\\App Pointage\\\\dataconnect\": could not find dataconnect.yaml in `d:\\App Pointage\\dataconnect`\n"}}
[debug] [2026-08-04T16:31:00.168Z] E0804 17:31:00.167725   14020 watch.go:40] Failed to load config from "d:\\App Pointage\\dataconnect": could not find dataconnect.yaml in `d:\App Pointage\dataconnect`
 {"metadata":{"emulator":{"name":"dataconnect"},"message":"E0804 17:31:00.167725   14020 watch.go:40] Failed to load config from \"d:\\\\App Pointage\\\\dataconnect\": could not find dataconnect.yaml in `d:\\App Pointage\\dataconnect`\n"}}
[debug] [2026-08-04T16:31:10.257Z] E0804 17:31:10.256641   14020 watch.go:40] Failed to load config from "d:\\App Pointage\\dataconnect": could not find dataconnect.yaml in `d:\App Pointage\dataconnect`
 {"metadata":{"emulator":{"name":"dataconnect"},"message":"E0804 17:31:10.256641   14020 watch.go:40] Failed to load config from \"d:\\\\App Pointage\\\\dataconnect\": could not find dataconnect.yaml in `d:\\App Pointage\\dataconnect`\n"}}
[debug] [2026-08-04T16:31:20.163Z] E0804 17:31:20.162749   14020 watch.go:40] Failed to load config from "d:\\App Pointage\\dataconnect": could not find dataconnect.yaml in `d:\App Pointage\dataconnect`
 {"metadata":{"emulator":{"name":"dataconnect"},"message":"E0804 17:31:20.162749   14020 watch.go:40] Failed to load config from \"d:\\\\App Pointage\\\\dataconnect\": could not find dataconnect.yaml in `d:\\App Pointage\\dataconnect`\n"}}
[debug] [2026-08-04T16:31:30.163Z] E0804 17:31:30.162982   14020 watch.go:40] Failed to load config from "d:\\App Pointage\\dataconnect": could not find dataconnect.yaml in `d:\App Pointage\dataconnect`
 {"metadata":{"emulator":{"name":"dataconnect"},"message":"E0804 17:31:30.162982   14020 watch.go:40] Failed to load config from \"d:\\\\App Pointage\\\\dataconnect\": could not find dataconnect.yaml in `d:\\App Pointage\\dataconnect`\n"}}
[debug] [2026-08-04T16:31:40.162Z] E0804 17:31:40.162267   14020 watch.go:40] Failed to load config from "d:\\App Pointage\\dataconnect": could not find dataconnect.yaml in `d:\App Pointage\dataconnect`
 {"metadata":{"emulator":{"name":"dataconnect"},"message":"E0804 17:31:40.162267   14020 watch.go:40] Failed to load config from \"d:\\\\App Pointage\\\\dataconnect\": could not find dataconnect.yaml in `d:\\App Pointage\\dataconnect`\n"}}
[debug] [2026-08-04T16:31:50.172Z] E0804 17:31:50.172320   14020 watch.go:116] watchAllDir unable to walk dir `d:\App Pointage\dataconnect`: GetFileAttributesEx d:\App Pointage\dataconnect: The system cannot find the file specified.
 {"metadata":{"emulator":{"name":"dataconnect"},"message":"E0804 17:31:50.172320   14020 watch.go:116] watchAllDir unable to walk dir `d:\\App Pointage\\dataconnect`: GetFileAttributesEx d:\\App Pointage\\dataconnect: The system cannot find the file specified.\n"}}
[debug] [2026-08-04T16:31:50.174Z] E0804 17:31:50.172829   14020 watch.go:40] Failed to load config from "d:\\App Pointage\\dataconnect": could not find dataconnect.yaml in `d:\App Pointage\dataconnect`
 {"metadata":{"emulator":{"name":"dataconnect"},"message":"E0804 17:31:50.172829   14020 watch.go:40] Failed to load config from \"d:\\\\App Pointage\\\\dataconnect\": could not find dataconnect.yaml in `d:\\App Pointage\\dataconnect`\n"}}
[debug] [2026-08-04T16:32:00.163Z] E0804 17:32:00.163542   14020 watch.go:40] Failed to load config from "d:\\App Pointage\\dataconnect": could not find dataconnect.yaml in `d:\App Pointage\dataconnect`
 {"metadata":{"emulator":{"name":"dataconnect"},"message":"E0804 17:32:00.163542   14020 watch.go:40] Failed to load config from \"d:\\\\App Pointage\\\\dataconnect\": could not find dataconnect.yaml in `d:\\App Pointage\\dataconnect`\n"}}
[debug] [2026-08-04T16:32:10.164Z] E0804 17:32:10.163855   14020 watch.go:40] Failed to load config from "d:\\App Pointage\\dataconnect": could not find dataconnect.yaml in `d:\App Pointage\dataconnect`
 {"metadata":{"emulator":{"name":"dataconnect"},"message":"E0804 17:32:10.163855   14020 watch.go:40] Failed to load config from \"d:\\\\App Pointage\\\\dataconnect\": could not find dataconnect.yaml in `d:\\App Pointage\\dataconnect`\n"}}
[debug] [2026-08-04T16:32:20.166Z] E0804 17:32:20.165763   14020 watch.go:40] Failed to load config from "d:\\App Pointage\\dataconnect": could not find dataconnect.yaml in `d:\App Pointage\dataconnect`
 {"metadata":{"emulator":{"name":"dataconnect"},"message":"E0804 17:32:20.165763   14020 watch.go:40] Failed to load config from \"d:\\\\App Pointage\\\\dataconnect\": could not find dataconnect.yaml in `d:\\App Pointage\\dataconnect`\n"}}
[debug] [2026-08-04T16:32:30.165Z] E0804 17:32:30.163349   14020 watch.go:40] Failed to load config from "d:\\App Pointage\\dataconnect": could not find dataconnect.yaml in `d:\App Pointage\dataconnect`
 {"metadata":{"emulator":{"name":"dataconnect"},"message":"E0804 17:32:30.163349   14020 watch.go:40] Failed to load config from \"d:\\\\App Pointage\\\\dataconnect\": could not find dataconnect.yaml in `d:\\App Pointage\\dataconnect`\n"}}
[debug] [2026-08-04T16:32:40.163Z] E0804 17:32:40.162962   14020 watch.go:40] Failed to load config from "d:\\App Pointage\\dataconnect": could not find dataconnect.yaml in `d:\App Pointage\dataconnect`
 {"metadata":{"emulator":{"name":"dataconnect"},"message":"E0804 17:32:40.162962   14020 watch.go:40] Failed to load config from \"d:\\\\App Pointage\\\\dataconnect\": could not find dataconnect.yaml in `d:\\App Pointage\\dataconnect`\n"}}
[debug] [2026-08-04T16:32:50.163Z] E0804 17:32:50.162784   14020 watch.go:40] Failed to load config from "d:\\App Pointage\\dataconnect": could not find dataconnect.yaml in `d:\App Pointage\dataconnect`
 {"metadata":{"emulator":{"name":"dataconnect"},"message":"E0804 17:32:50.162784   14020 watch.go:40] Failed to load config from \"d:\\\\App Pointage\\\\dataconnect\": could not find dataconnect.yaml in `d:\\App Pointage\\dataconnect`\n"}}
[debug] [2026-08-04T16:32:50.168Z] E0804 17:32:50.162784   14020 watch.go:116] watchAllDir unable to walk dir `d:\App Pointage\dataconnect`: GetFileAttributesEx d:\App Pointage\dataconnect: The system cannot find the file specified.
 {"metadata":{"emulator":{"name":"dataconnect"},"message":"E0804 17:32:50.162784   14020 watch.go:116] watchAllDir unable to walk dir `d:\\App Pointage\\dataconnect`: GetFileAttributesEx d:\\App Pointage\\dataconnect: The system cannot find the file specified.\n"}}
[debug] [2026-08-04T16:33:00.162Z] E0804 17:33:00.162829   14020 watch.go:40] Failed to load config from "d:\\App Pointage\\dataconnect": could not find dataconnect.yaml in `d:\App Pointage\dataconnect`
 {"metadata":{"emulator":{"name":"dataconnect"},"message":"E0804 17:33:00.162829   14020 watch.go:40] Failed to load config from \"d:\\\\App Pointage\\\\dataconnect\": could not find dataconnect.yaml in `d:\\App Pointage\\dataconnect`\n"}}
[debug] [2026-08-04T16:33:10.193Z] E0804 17:33:10.192945   14020 watch.go:40] Failed to load config from "d:\\App Pointage\\dataconnect": could not find dataconnect.yaml in `d:\App Pointage\dataconnect`
 {"metadata":{"emulator":{"name":"dataconnect"},"message":"E0804 17:33:10.192945   14020 watch.go:40] Failed to load config from \"d:\\\\App Pointage\\\\dataconnect\": could not find dataconnect.yaml in `d:\\App Pointage\\dataconnect`\n"}}
[debug] [2026-08-04T16:33:20.162Z] E0804 17:33:20.162176   14020 watch.go:40] Failed to load config from "d:\\App Pointage\\dataconnect": could not find dataconnect.yaml in `d:\App Pointage\dataconnect`
 {"metadata":{"emulator":{"name":"dataconnect"},"message":"E0804 17:33:20.162176   14020 watch.go:40] Failed to load config from \"d:\\\\App Pointage\\\\dataconnect\": could not find dataconnect.yaml in `d:\\App Pointage\\dataconnect`\n"}}
[debug] [2026-08-04T16:33:30.163Z] E0804 17:33:30.163858   14020 watch.go:40] Failed to load config from "d:\\App Pointage\\dataconnect": could not find dataconnect.yaml in `d:\App Pointage\dataconnect`
 {"metadata":{"emulator":{"name":"dataconnect"},"message":"E0804 17:33:30.163858   14020 watch.go:40] Failed to load config from \"d:\\\\App Pointage\\\\dataconnect\": could not find dataconnect.yaml in `d:\\App Pointage\\dataconnect`\n"}}
[debug] [2026-08-04T16:33:40.162Z] E0804 17:33:40.162255   14020 watch.go:40] Failed to load config from "d:\\App Pointage\\dataconnect": could not find dataconnect.yaml in `d:\App Pointage\dataconnect`
 {"metadata":{"emulator":{"name":"dataconnect"},"message":"E0804 17:33:40.162255   14020 watch.go:40] Failed to load config from \"d:\\\\App Pointage\\\\dataconnect\": could not find dataconnect.yaml in `d:\\App Pointage\\dataconnect`\n"}}
[debug] [2026-08-04T16:33:50.163Z] E0804 17:33:50.163510   14020 watch.go:40] Failed to load config from "d:\\App Pointage\\dataconnect": could not find dataconnect.yaml in `d:\App Pointage\dataconnect`
 {"metadata":{"emulator":{"name":"dataconnect"},"message":"E0804 17:33:50.163510   14020 watch.go:40] Failed to load config from \"d:\\\\App Pointage\\\\dataconnect\": could not find dataconnect.yaml in `d:\\App Pointage\\dataconnect`\n"}}
[debug] [2026-08-04T16:33:50.316Z] E0804 17:33:50.163510   14020 watch.go:116] watchAllDir unable to walk dir `d:\App Pointage\dataconnect`: GetFileAttributesEx d:\App Pointage\dataconnect: The system cannot find the file specified.
 {"metadata":{"emulator":{"name":"dataconnect"},"message":"E0804 17:33:50.163510   14020 watch.go:116] watchAllDir unable to walk dir `d:\\App Pointage\\dataconnect`: GetFileAttributesEx d:\\App Pointage\\dataconnect: The system cannot find the file specified.\n"}}
[debug] [2026-08-04T16:34:00.164Z] E0804 17:34:00.162913   14020 watch.go:40] Failed to load config from "d:\\App Pointage\\dataconnect": could not find dataconnect.yaml in `d:\App Pointage\dataconnect`
 {"metadata":{"emulator":{"name":"dataconnect"},"message":"E0804 17:34:00.162913   14020 watch.go:40] Failed to load config from \"d:\\\\App Pointage\\\\dataconnect\": could not find dataconnect.yaml in `d:\\App Pointage\\dataconnect`\n"}}
[debug] [2026-08-04T16:34:10.170Z] E0804 17:34:10.168507   14020 watch.go:40] Failed to load config from "d:\\App Pointage\\dataconnect": could not find dataconnect.yaml in `d:\App Pointage\dataconnect`
 {"metadata":{"emulator":{"name":"dataconnect"},"message":"E0804 17:34:10.168507   14020 watch.go:40] Failed to load config from \"d:\\\\App Pointage\\\\dataconnect\": could not find dataconnect.yaml in `d:\\App Pointage\\dataconnect`\n"}}
[debug] [2026-08-04T16:34:20.162Z] E0804 17:34:20.162749   14020 watch.go:40] Failed to load config from "d:\\App Pointage\\dataconnect": could not find dataconnect.yaml in `d:\App Pointage\dataconnect`
 {"metadata":{"emulator":{"name":"dataconnect"},"message":"E0804 17:34:20.162749   14020 watch.go:40] Failed to load config from \"d:\\\\App Pointage\\\\dataconnect\": could not find dataconnect.yaml in `d:\\App Pointage\\dataconnect`\n"}}
[debug] [2026-08-04T16:34:30.162Z] E0804 17:34:30.162260   14020 watch.go:40] Failed to load config from "d:\\App Pointage\\dataconnect": could not find dataconnect.yaml in `d:\App Pointage\dataconnect`
 {"metadata":{"emulator":{"name":"dataconnect"},"message":"E0804 17:34:30.162260   14020 watch.go:40] Failed to load config from \"d:\\\\App Pointage\\\\dataconnect\": could not find dataconnect.yaml in `d:\\App Pointage\\dataconnect`\n"}}
[debug] [2026-08-04T16:34:40.162Z] E0804 17:34:40.162277   14020 watch.go:40] Failed to load config from "d:\\App Pointage\\dataconnect": could not find dataconnect.yaml in `d:\App Pointage\dataconnect`
 {"metadata":{"emulator":{"name":"dataconnect"},"message":"E0804 17:34:40.162277   14020 watch.go:40] Failed to load config from \"d:\\\\App Pointage\\\\dataconnect\": could not find dataconnect.yaml in `d:\\App Pointage\\dataconnect`\n"}}
[debug] [2026-08-04T16:34:50.166Z] E0804 17:34:50.165764   14020 watch.go:116] watchAllDir unable to walk dir `d:\App Pointage\dataconnect`: GetFileAttributesEx d:\App Pointage\dataconnect: The system cannot find the file specified.
 {"metadata":{"emulator":{"name":"dataconnect"},"message":"E0804 17:34:50.165764   14020 watch.go:116] watchAllDir unable to walk dir `d:\\App Pointage\\dataconnect`: GetFileAttributesEx d:\\App Pointage\\dataconnect: The system cannot find the file specified.\n"}}
[debug] [2026-08-04T16:34:50.169Z] E0804 17:34:50.166763   14020 watch.go:40] Failed to load config from "d:\\App Pointage\\dataconnect": could not find dataconnect.yaml in `d:\App Pointage\dataconnect`
 {"metadata":{"emulator":{"name":"dataconnect"},"message":"E0804 17:34:50.166763   14020 watch.go:40] Failed to load config from \"d:\\\\App Pointage\\\\dataconnect\": could not find dataconnect.yaml in `d:\\App Pointage\\dataconnect`\n"}}
[debug] [2026-08-04T16:35:00.162Z] E0804 17:35:00.162342   14020 watch.go:40] Failed to load config from "d:\\App Pointage\\dataconnect": could not find dataconnect.yaml in `d:\App Pointage\dataconnect`
 {"metadata":{"emulator":{"name":"dataconnect"},"message":"E0804 17:35:00.162342   14020 watch.go:40] Failed to load config from \"d:\\\\App Pointage\\\\dataconnect\": could not find dataconnect.yaml in `d:\\App Pointage\\dataconnect`\n"}}
[debug] [2026-08-04T16:35:10.162Z] E0804 17:35:10.162702   14020 watch.go:40] Failed to load config from "d:\\App Pointage\\dataconnect": could not find dataconnect.yaml in `d:\App Pointage\dataconnect`
 {"metadata":{"emulator":{"name":"dataconnect"},"message":"E0804 17:35:10.162702   14020 watch.go:40] Failed to load config from \"d:\\\\App Pointage\\\\dataconnect\": could not find dataconnect.yaml in `d:\\App Pointage\\dataconnect`\n"}}
[debug] [2026-08-04T16:35:20.162Z] E0804 17:35:20.162329   14020 watch.go:40] Failed to load config from "d:\\App Pointage\\dataconnect": could not find dataconnect.yaml in `d:\App Pointage\dataconnect`
 {"metadata":{"emulator":{"name":"dataconnect"},"message":"E0804 17:35:20.162329   14020 watch.go:40] Failed to load config from \"d:\\\\App Pointage\\\\dataconnect\": could not find dataconnect.yaml in `d:\\App Pointage\\dataconnect`\n"}}
[debug] [2026-08-04T16:35:30.162Z] E0804 17:35:30.162260   14020 watch.go:40] Failed to load config from "d:\\App Pointage\\dataconnect": could not find dataconnect.yaml in `d:\App Pointage\dataconnect`
 {"metadata":{"emulator":{"name":"dataconnect"},"message":"E0804 17:35:30.162260   14020 watch.go:40] Failed to load config from \"d:\\\\App Pointage\\\\dataconnect\": could not find dataconnect.yaml in `d:\\App Pointage\\dataconnect`\n"}}
[debug] [2026-08-04T16:35:40.218Z] E0804 17:35:40.217341   14020 watch.go:40] Failed to load config from "d:\\App Pointage\\dataconnect": could not find dataconnect.yaml in `d:\App Pointage\dataconnect`
 {"metadata":{"emulator":{"name":"dataconnect"},"message":"E0804 17:35:40.217341   14020 watch.go:40] Failed to load config from \"d:\\\\App Pointage\\\\dataconnect\": could not find dataconnect.yaml in `d:\\App Pointage\\dataconnect`\n"}}
[debug] [2026-08-04T16:35:50.162Z] E0804 17:35:50.162436   14020 watch.go:40] Failed to load config from "d:\\App Pointage\\dataconnect": could not find dataconnect.yaml in `d:\App Pointage\dataconnect`
 {"metadata":{"emulator":{"name":"dataconnect"},"message":"E0804 17:35:50.162436   14020 watch.go:40] Failed to load config from \"d:\\\\App Pointage\\\\dataconnect\": could not find dataconnect.yaml in `d:\\App Pointage\\dataconnect`\n"}}
[debug] [2026-08-04T16:35:50.163Z] E0804 17:35:50.162436   14020 watch.go:116] watchAllDir unable to walk dir `d:\App Pointage\dataconnect`: GetFileAttributesEx d:\App Pointage\dataconnect: The system cannot find the file specified.
 {"metadata":{"emulator":{"name":"dataconnect"},"message":"E0804 17:35:50.162436   14020 watch.go:116] watchAllDir unable to walk dir `d:\\App Pointage\\dataconnect`: GetFileAttributesEx d:\\App Pointage\\dataconnect: The system cannot find the file specified.\n"}}
[debug] [2026-08-04T16:36:00.392Z] E0804 17:36:00.378469   14020 watch.go:40] Failed to load config from "d:\\App Pointage\\dataconnect": could not find dataconnect.yaml in `d:\App Pointage\dataconnect`
 {"metadata":{"emulator":{"name":"dataconnect"},"message":"E0804 17:36:00.378469   14020 watch.go:40] Failed to load config from \"d:\\\\App Pointage\\\\dataconnect\": could not find dataconnect.yaml in `d:\\App Pointage\\dataconnect`\n"}}
[debug] [2026-08-04T16:36:10.165Z] E0804 17:36:10.164737   14020 watch.go:40] Failed to load config from "d:\\App Pointage\\dataconnect": could not find dataconnect.yaml in `d:\App Pointage\dataconnect`
 {"metadata":{"emulator":{"name":"dataconnect"},"message":"E0804 17:36:10.164737   14020 watch.go:40] Failed to load config from \"d:\\\\App Pointage\\\\dataconnect\": could not find dataconnect.yaml in `d:\\App Pointage\\dataconnect`\n"}}
[debug] [2026-08-04T16:36:20.507Z] E0804 17:36:20.162400   14020 watch.go:40] Failed to load config from "d:\\App Pointage\\dataconnect": could not find dataconnect.yaml in `d:\App Pointage\dataconnect`
 {"metadata":{"emulator":{"name":"dataconnect"},"message":"E0804 17:36:20.162400   14020 watch.go:40] Failed to load config from \"d:\\\\App Pointage\\\\dataconnect\": could not find dataconnect.yaml in `d:\\App Pointage\\dataconnect`\n"}}
[debug] [2026-08-04T16:36:30.163Z] E0804 17:36:30.162485   14020 watch.go:40] Failed to load config from "d:\\App Pointage\\dataconnect": could not find dataconnect.yaml in `d:\App Pointage\dataconnect`
 {"metadata":{"emulator":{"name":"dataconnect"},"message":"E0804 17:36:30.162485   14020 watch.go:40] Failed to load config from \"d:\\\\App Pointage\\\\dataconnect\": could not find dataconnect.yaml in `d:\\App Pointage\\dataconnect`\n"}}
[debug] [2026-08-04T16:36:40.162Z] E0804 17:36:40.162480   14020 watch.go:40] Failed to load config from "d:\\App Pointage\\dataconnect": could not find dataconnect.yaml in `d:\App Pointage\dataconnect`
 {"metadata":{"emulator":{"name":"dataconnect"},"message":"E0804 17:36:40.162480   14020 watch.go:40] Failed to load config from \"d:\\\\App Pointage\\\\dataconnect\": could not find dataconnect.yaml in `d:\\App Pointage\\dataconnect`\n"}}
[debug] [2026-08-04T16:36:50.164Z] E0804 17:36:50.164547   14020 watch.go:116] watchAllDir unable to walk dir `d:\App Pointage\dataconnect`: GetFileAttributesEx d:\App Pointage\dataconnect: The system cannot find the file specified.
E0804 17:36:50.164547   14020 watch.go:40] Failed to load config from "d:\\App Pointage\\dataconnect": could not find dataconnect.yaml in `d:\App Pointage\dataconnect`
 {"metadata":{"emulator":{"name":"dataconnect"},"message":"E0804 17:36:50.164547   14020 watch.go:116] watchAllDir unable to walk dir `d:\\App Pointage\\dataconnect`: GetFileAttributesEx d:\\App Pointage\\dataconnect: The system cannot find the file specified.\nE0804 17:36:50.164547   14020 watch.go:40] Failed to load config from \"d:\\\\App Pointage\\\\dataconnect\": could not find dataconnect.yaml in `d:\\App Pointage\\dataconnect`\n"}}
[debug] [2026-08-04T16:37:00.163Z] E0804 17:37:00.163438   14020 watch.go:40] Failed to load config from "d:\\App Pointage\\dataconnect": could not find dataconnect.yaml in `d:\App Pointage\dataconnect`
 {"metadata":{"emulator":{"name":"dataconnect"},"message":"E0804 17:37:00.163438   14020 watch.go:40] Failed to load config from \"d:\\\\App Pointage\\\\dataconnect\": could not find dataconnect.yaml in `d:\\App Pointage\\dataconnect`\n"}}
[debug] [2026-08-04T16:37:10.165Z] E0804 17:37:10.165273   14020 watch.go:40] Failed to load config from "d:\\App Pointage\\dataconnect": could not find dataconnect.yaml in `d:\App Pointage\dataconnect`
 {"metadata":{"emulator":{"name":"dataconnect"},"message":"E0804 17:37:10.165273   14020 watch.go:40] Failed to load config from \"d:\\\\App Pointage\\\\dataconnect\": could not find dataconnect.yaml in `d:\\App Pointage\\dataconnect`\n"}}
[debug] [2026-08-04T16:37:20.162Z] E0804 17:37:20.162836   14020 watch.go:40] Failed to load config from "d:\\App Pointage\\dataconnect": could not find dataconnect.yaml in `d:\App Pointage\dataconnect`
 {"metadata":{"emulator":{"name":"dataconnect"},"message":"E0804 17:37:20.162836   14020 watch.go:40] Failed to load config from \"d:\\\\App Pointage\\\\dataconnect\": could not find dataconnect.yaml in `d:\\App Pointage\\dataconnect`\n"}}
[debug] [2026-08-04T16:37:30.162Z] E0804 17:37:30.163065   14020 watch.go:40] Failed to load config from "d:\\App Pointage\\dataconnect": could not find dataconnect.yaml in `d:\App Pointage\dataconnect`
 {"metadata":{"emulator":{"name":"dataconnect"},"message":"E0804 17:37:30.163065   14020 watch.go:40] Failed to load config from \"d:\\\\App Pointage\\\\dataconnect\": could not find dataconnect.yaml in `d:\\App Pointage\\dataconnect`\n"}}
[debug] [2026-08-04T16:37:40.237Z] E0804 17:37:40.237379   14020 watch.go:40] Failed to load config from "d:\\App Pointage\\dataconnect": could not find dataconnect.yaml in `d:\App Pointage\dataconnect`
 {"metadata":{"emulator":{"name":"dataconnect"},"message":"E0804 17:37:40.237379   14020 watch.go:40] Failed to load config from \"d:\\\\App Pointage\\\\dataconnect\": could not find dataconnect.yaml in `d:\\App Pointage\\dataconnect`\n"}}
[debug] [2026-08-04T16:37:50.167Z] E0804 17:37:50.165063   14020 watch.go:116] watchAllDir unable to walk dir `d:\App Pointage\dataconnect`: GetFileAttributesEx d:\App Pointage\dataconnect: The system cannot find the file specified.
E0804 17:37:50.165708   14020 watch.go:40] Failed to load config from "d:\\App Pointage\\dataconnect": could not find dataconnect.yaml in `d:\App Pointage\dataconnect`
 {"metadata":{"emulator":{"name":"dataconnect"},"message":"E0804 17:37:50.165063   14020 watch.go:116] watchAllDir unable to walk dir `d:\\App Pointage\\dataconnect`: GetFileAttributesEx d:\\App Pointage\\dataconnect: The system cannot find the file specified.\nE0804 17:37:50.165708   14020 watch.go:40] Failed to load config from \"d:\\\\App Pointage\\\\dataconnect\": could not find dataconnect.yaml in `d:\\App Pointage\\dataconnect`\n"}}
[debug] [2026-08-04T16:38:00.164Z] E0804 17:38:00.164291   14020 watch.go:40] Failed to load config from "d:\\App Pointage\\dataconnect": could not find dataconnect.yaml in `d:\App Pointage\dataconnect`
 {"metadata":{"emulator":{"name":"dataconnect"},"message":"E0804 17:38:00.164291   14020 watch.go:40] Failed to load config from \"d:\\\\App Pointage\\\\dataconnect\": could not find dataconnect.yaml in `d:\\App Pointage\\dataconnect`\n"}}
[debug] [2026-08-04T16:38:10.187Z] E0804 17:38:10.176386   14020 watch.go:40] Failed to load config from "d:\\App Pointage\\dataconnect": could not find dataconnect.yaml in `d:\App Pointage\dataconnect`
 {"metadata":{"emulator":{"name":"dataconnect"},"message":"E0804 17:38:10.176386   14020 watch.go:40] Failed to load config from \"d:\\\\App Pointage\\\\dataconnect\": could not find dataconnect.yaml in `d:\\App Pointage\\dataconnect`\n"}}
[debug] [2026-08-04T16:38:20.166Z] E0804 17:38:20.166192   14020 watch.go:40] Failed to load config from "d:\\App Pointage\\dataconnect": could not find dataconnect.yaml in `d:\App Pointage\dataconnect`
 {"metadata":{"emulator":{"name":"dataconnect"},"message":"E0804 17:38:20.166192   14020 watch.go:40] Failed to load config from \"d:\\\\App Pointage\\\\dataconnect\": could not find dataconnect.yaml in `d:\\App Pointage\\dataconnect`\n"}}
[debug] [2026-08-04T16:38:30.164Z] E0804 17:38:30.163791   14020 watch.go:40] Failed to load config from "d:\\App Pointage\\dataconnect": could not find dataconnect.yaml in `d:\App Pointage\dataconnect`
 {"metadata":{"emulator":{"name":"dataconnect"},"message":"E0804 17:38:30.163791   14020 watch.go:40] Failed to load config from \"d:\\\\App Pointage\\\\dataconnect\": could not find dataconnect.yaml in `d:\\App Pointage\\dataconnect`\n"}}
[debug] [2026-08-04T16:38:40.163Z] E0804 17:38:40.162569   14020 watch.go:40] Failed to load config from "d:\\App Pointage\\dataconnect": could not find dataconnect.yaml in `d:\App Pointage\dataconnect`
 {"metadata":{"emulator":{"name":"dataconnect"},"message":"E0804 17:38:40.162569   14020 watch.go:40] Failed to load config from \"d:\\\\App Pointage\\\\dataconnect\": could not find dataconnect.yaml in `d:\\App Pointage\\dataconnect`\n"}}
[debug] [2026-08-04T16:38:50.171Z] E0804 17:38:50.170041   14020 watch.go:40] Failed to load config from "d:\\App Pointage\\dataconnect": could not find dataconnect.yaml in `d:\App Pointage\dataconnect`
 {"metadata":{"emulator":{"name":"dataconnect"},"message":"E0804 17:38:50.170041   14020 watch.go:40] Failed to load config from \"d:\\\\App Pointage\\\\dataconnect\": could not find dataconnect.yaml in `d:\\App Pointage\\dataconnect`\n"}}
[debug] [2026-08-04T16:38:50.177Z] E0804 17:38:50.174258   14020 watch.go:116] watchAllDir unable to walk dir `d:\App Pointage\dataconnect`: GetFileAttributesEx d:\App Pointage\dataconnect: The system cannot find the file specified.
 {"metadata":{"emulator":{"name":"dataconnect"},"message":"E0804 17:38:50.174258   14020 watch.go:116] watchAllDir unable to walk dir `d:\\App Pointage\\dataconnect`: GetFileAttributesEx d:\\App Pointage\\dataconnect: The system cannot find the file specified.\n"}}
[debug] [2026-08-04T16:39:00.162Z] E0804 17:39:00.163030   14020 watch.go:40] Failed to load config from "d:\\App Pointage\\dataconnect": could not find dataconnect.yaml in `d:\App Pointage\dataconnect`
 {"metadata":{"emulator":{"name":"dataconnect"},"message":"E0804 17:39:00.163030   14020 watch.go:40] Failed to load config from \"d:\\\\App Pointage\\\\dataconnect\": could not find dataconnect.yaml in `d:\\App Pointage\\dataconnect`\n"}}
[debug] [2026-08-04T16:39:10.177Z] E0804 17:39:10.177205   14020 watch.go:40] Failed to load config from "d:\\App Pointage\\dataconnect": could not find dataconnect.yaml in `d:\App Pointage\dataconnect`
 {"metadata":{"emulator":{"name":"dataconnect"},"message":"E0804 17:39:10.177205   14020 watch.go:40] Failed to load config from \"d:\\\\App Pointage\\\\dataconnect\": could not find dataconnect.yaml in `d:\\App Pointage\\dataconnect`\n"}}
[debug] [2026-08-04T16:39:20.164Z] E0804 17:39:20.164125   14020 watch.go:40] Failed to load config from "d:\\App Pointage\\dataconnect": could not find dataconnect.yaml in `d:\App Pointage\dataconnect`
 {"metadata":{"emulator":{"name":"dataconnect"},"message":"E0804 17:39:20.164125   14020 watch.go:40] Failed to load config from \"d:\\\\App Pointage\\\\dataconnect\": could not find dataconnect.yaml in `d:\\App Pointage\\dataconnect`\n"}}
[debug] [2026-08-04T16:39:30.163Z] E0804 17:39:30.163226   14020 watch.go:40] Failed to load config from "d:\\App Pointage\\dataconnect": could not find dataconnect.yaml in `d:\App Pointage\dataconnect`
 {"metadata":{"emulator":{"name":"dataconnect"},"message":"E0804 17:39:30.163226   14020 watch.go:40] Failed to load config from \"d:\\\\App Pointage\\\\dataconnect\": could not find dataconnect.yaml in `d:\\App Pointage\\dataconnect`\n"}}
[debug] [2026-08-04T16:39:40.165Z] E0804 17:39:40.165651   14020 watch.go:40] Failed to load config from "d:\\App Pointage\\dataconnect": could not find dataconnect.yaml in `d:\App Pointage\dataconnect`
 {"metadata":{"emulator":{"name":"dataconnect"},"message":"E0804 17:39:40.165651   14020 watch.go:40] Failed to load config from \"d:\\\\App Pointage\\\\dataconnect\": could not find dataconnect.yaml in `d:\\App Pointage\\dataconnect`\n"}}
[debug] [2026-08-04T16:39:50.163Z] E0804 17:39:50.163011   14020 watch.go:116] watchAllDir unable to walk dir `d:\App Pointage\dataconnect`: GetFileAttributesEx d:\App Pointage\dataconnect: The system cannot find the file specified.
E0804 17:39:50.163011   14020 watch.go:40] Failed to load config from "d:\\App Pointage\\dataconnect": could not find dataconnect.yaml in `d:\App Pointage\dataconnect`
 {"metadata":{"emulator":{"name":"dataconnect"},"message":"E0804 17:39:50.163011   14020 watch.go:116] watchAllDir unable to walk dir `d:\\App Pointage\\dataconnect`: GetFileAttributesEx d:\\App Pointage\\dataconnect: The system cannot find the file specified.\nE0804 17:39:50.163011   14020 watch.go:40] Failed to load config from \"d:\\\\App Pointage\\\\dataconnect\": could not find dataconnect.yaml in `d:\\App Pointage\\dataconnect`\n"}}
[debug] [2026-08-04T16:40:00.162Z] E0804 17:40:00.162581   14020 watch.go:40] Failed to load config from "d:\\App Pointage\\dataconnect": could not find dataconnect.yaml in `d:\App Pointage\dataconnect`
 {"metadata":{"emulator":{"name":"dataconnect"},"message":"E0804 17:40:00.162581   14020 watch.go:40] Failed to load config from \"d:\\\\App Pointage\\\\dataconnect\": could not find dataconnect.yaml in `d:\\App Pointage\\dataconnect`\n"}}
[debug] [2026-08-04T16:40:10.163Z] E0804 17:40:10.163544   14020 watch.go:40] Failed to load config from "d:\\App Pointage\\dataconnect": could not find dataconnect.yaml in `d:\App Pointage\dataconnect`
 {"metadata":{"emulator":{"name":"dataconnect"},"message":"E0804 17:40:10.163544   14020 watch.go:40] Failed to load config from \"d:\\\\App Pointage\\\\dataconnect\": could not find dataconnect.yaml in `d:\\App Pointage\\dataconnect`\n"}}
[debug] [2026-08-04T16:40:20.164Z] E0804 17:40:20.164485   14020 watch.go:40] Failed to load config from "d:\\App Pointage\\dataconnect": could not find dataconnect.yaml in `d:\App Pointage\dataconnect`
 {"metadata":{"emulator":{"name":"dataconnect"},"message":"E0804 17:40:20.164485   14020 watch.go:40] Failed to load config from \"d:\\\\App Pointage\\\\dataconnect\": could not find dataconnect.yaml in `d:\\App Pointage\\dataconnect`\n"}}
[debug] [2026-08-04T16:40:30.163Z] E0804 17:40:30.163330   14020 watch.go:40] Failed to load config from "d:\\App Pointage\\dataconnect": could not find dataconnect.yaml in `d:\App Pointage\dataconnect`
 {"metadata":{"emulator":{"name":"dataconnect"},"message":"E0804 17:40:30.163330   14020 watch.go:40] Failed to load config from \"d:\\\\App Pointage\\\\dataconnect\": could not find dataconnect.yaml in `d:\\App Pointage\\dataconnect`\n"}}
[debug] [2026-08-04T16:40:40.162Z] E0804 17:40:40.162734   14020 watch.go:40] Failed to load config from "d:\\App Pointage\\dataconnect": could not find dataconnect.yaml in `d:\App Pointage\dataconnect`
 {"metadata":{"emulator":{"name":"dataconnect"},"message":"E0804 17:40:40.162734   14020 watch.go:40] Failed to load config from \"d:\\\\App Pointage\\\\dataconnect\": could not find dataconnect.yaml in `d:\\App Pointage\\dataconnect`\n"}}
[debug] [2026-08-04T16:40:50.163Z] E0804 17:40:50.163673   14020 watch.go:116] watchAllDir unable to walk dir `d:\App Pointage\dataconnect`: GetFileAttributesEx d:\App Pointage\dataconnect: The system cannot find the file specified.
 {"metadata":{"emulator":{"name":"dataconnect"},"message":"E0804 17:40:50.163673   14020 watch.go:116] watchAllDir unable to walk dir `d:\\App Pointage\\dataconnect`: GetFileAttributesEx d:\\App Pointage\\dataconnect: The system cannot find the file specified.\n"}}
[debug] [2026-08-04T16:40:50.166Z] E0804 17:40:50.167153   14020 watch.go:40] Failed to load config from "d:\\App Pointage\\dataconnect": could not find dataconnect.yaml in `d:\App Pointage\dataconnect`
 {"metadata":{"emulator":{"name":"dataconnect"},"message":"E0804 17:40:50.167153   14020 watch.go:40] Failed to load config from \"d:\\\\App Pointage\\\\dataconnect\": could not find dataconnect.yaml in `d:\\App Pointage\\dataconnect`\n"}}
[debug] [2026-08-04T16:41:00.168Z] E0804 17:41:00.168908   14020 watch.go:40] Failed to load config from "d:\\App Pointage\\dataconnect": could not find dataconnect.yaml in `d:\App Pointage\dataconnect`
 {"metadata":{"emulator":{"name":"dataconnect"},"message":"E0804 17:41:00.168908   14020 watch.go:40] Failed to load config from \"d:\\\\App Pointage\\\\dataconnect\": could not find dataconnect.yaml in `d:\\App Pointage\\dataconnect`\n"}}
[debug] [2026-08-04T16:41:10.166Z] E0804 17:41:10.165503   14020 watch.go:40] Failed to load config from "d:\\App Pointage\\dataconnect": could not find dataconnect.yaml in `d:\App Pointage\dataconnect`
 {"metadata":{"emulator":{"name":"dataconnect"},"message":"E0804 17:41:10.165503   14020 watch.go:40] Failed to load config from \"d:\\\\App Pointage\\\\dataconnect\": could not find dataconnect.yaml in `d:\\App Pointage\\dataconnect`\n"}}
[debug] [2026-08-04T16:41:20.165Z] E0804 17:41:20.165242   14020 watch.go:40] Failed to load config from "d:\\App Pointage\\dataconnect": could not find dataconnect.yaml in `d:\App Pointage\dataconnect`
 {"metadata":{"emulator":{"name":"dataconnect"},"message":"E0804 17:41:20.165242   14020 watch.go:40] Failed to load config from \"d:\\\\App Pointage\\\\dataconnect\": could not find dataconnect.yaml in `d:\\App Pointage\\dataconnect`\n"}}
[debug] [2026-08-04T16:41:30.167Z] E0804 17:41:30.167472   14020 watch.go:40] Failed to load config from "d:\\App Pointage\\dataconnect": could not find dataconnect.yaml in `d:\App Pointage\dataconnect`
 {"metadata":{"emulator":{"name":"dataconnect"},"message":"E0804 17:41:30.167472   14020 watch.go:40] Failed to load config from \"d:\\\\App Pointage\\\\dataconnect\": could not find dataconnect.yaml in `d:\\App Pointage\\dataconnect`\n"}}
[debug] [2026-08-04T16:41:40.161Z] E0804 17:41:40.162454   14020 watch.go:40] Failed to load config from "d:\\App Pointage\\dataconnect": could not find dataconnect.yaml in `d:\App Pointage\dataconnect`
 {"metadata":{"emulator":{"name":"dataconnect"},"message":"E0804 17:41:40.162454   14020 watch.go:40] Failed to load config from \"d:\\\\App Pointage\\\\dataconnect\": could not find dataconnect.yaml in `d:\\App Pointage\\dataconnect`\n"}}
[debug] [2026-08-04T16:41:50.192Z] E0804 17:41:50.168074   14020 watch.go:116] watchAllDir unable to walk dir `d:\App Pointage\dataconnect`: GetFileAttributesEx d:\App Pointage\dataconnect: The system cannot find the file specified.
E0804 17:41:50.169438   14020 watch.go:40] Failed to load config from "d:\\App Pointage\\dataconnect": could not find dataconnect.yaml in `d:\App Pointage\dataconnect`
 {"metadata":{"emulator":{"name":"dataconnect"},"message":"E0804 17:41:50.168074   14020 watch.go:116] watchAllDir unable to walk dir `d:\\App Pointage\\dataconnect`: GetFileAttributesEx d:\\App Pointage\\dataconnect: The system cannot find the file specified.\nE0804 17:41:50.169438   14020 watch.go:40] Failed to load config from \"d:\\\\App Pointage\\\\dataconnect\": could not find dataconnect.yaml in `d:\\App Pointage\\dataconnect`\n"}}
[debug] [2026-08-04T16:42:00.162Z] E0804 17:42:00.162606   14020 watch.go:40] Failed to load config from "d:\\App Pointage\\dataconnect": could not find dataconnect.yaml in `d:\App Pointage\dataconnect`
 {"metadata":{"emulator":{"name":"dataconnect"},"message":"E0804 17:42:00.162606   14020 watch.go:40] Failed to load config from \"d:\\\\App Pointage\\\\dataconnect\": could not find dataconnect.yaml in `d:\\App Pointage\\dataconnect`\n"}}
[debug] [2026-08-04T16:42:10.162Z] E0804 17:42:10.162590   14020 watch.go:40] Failed to load config from "d:\\App Pointage\\dataconnect": could not find dataconnect.yaml in `d:\App Pointage\dataconnect`
 {"metadata":{"emulator":{"name":"dataconnect"},"message":"E0804 17:42:10.162590   14020 watch.go:40] Failed to load config from \"d:\\\\App Pointage\\\\dataconnect\": could not find dataconnect.yaml in `d:\\App Pointage\\dataconnect`\n"}}
[debug] [2026-08-04T16:42:20.165Z] E0804 17:42:20.162820   14020 watch.go:40] Failed to load config from "d:\\App Pointage\\dataconnect": could not find dataconnect.yaml in `d:\App Pointage\dataconnect`
 {"metadata":{"emulator":{"name":"dataconnect"},"message":"E0804 17:42:20.162820   14020 watch.go:40] Failed to load config from \"d:\\\\App Pointage\\\\dataconnect\": could not find dataconnect.yaml in `d:\\App Pointage\\dataconnect`\n"}}
[debug] [2026-08-04T16:42:30.162Z] E0804 17:42:30.162463   14020 watch.go:40] Failed to load config from "d:\\App Pointage\\dataconnect": could not find dataconnect.yaml in `d:\App Pointage\dataconnect`
 {"metadata":{"emulator":{"name":"dataconnect"},"message":"E0804 17:42:30.162463   14020 watch.go:40] Failed to load config from \"d:\\\\App Pointage\\\\dataconnect\": could not find dataconnect.yaml in `d:\\App Pointage\\dataconnect`\n"}}
[debug] [2026-08-04T16:42:40.162Z] E0804 17:42:40.162355   14020 watch.go:40] Failed to load config from "d:\\App Pointage\\dataconnect": could not find dataconnect.yaml in `d:\App Pointage\dataconnect`
 {"metadata":{"emulator":{"name":"dataconnect"},"message":"E0804 17:42:40.162355   14020 watch.go:40] Failed to load config from \"d:\\\\App Pointage\\\\dataconnect\": could not find dataconnect.yaml in `d:\\App Pointage\\dataconnect`\n"}}
[debug] [2026-08-04T16:42:50.162Z] E0804 17:42:50.162559   14020 watch.go:40] Failed to load config from "d:\\App Pointage\\dataconnect": could not find dataconnect.yaml in `d:\App Pointage\dataconnect`
E0804 17:42:50.162559   14020 watch.go:116] watchAllDir unable to walk dir `d:\App Pointage\dataconnect`: GetFileAttributesEx d:\App Pointage\dataconnect: The system cannot find the file specified.
 {"metadata":{"emulator":{"name":"dataconnect"},"message":"E0804 17:42:50.162559   14020 watch.go:40] Failed to load config from \"d:\\\\App Pointage\\\\dataconnect\": could not find dataconnect.yaml in `d:\\App Pointage\\dataconnect`\nE0804 17:42:50.162559   14020 watch.go:116] watchAllDir unable to walk dir `d:\\App Pointage\\dataconnect`: GetFileAttributesEx d:\\App Pointage\\dataconnect: The system cannot find the file specified.\n"}}
[debug] [2026-08-04T16:43:00.162Z] E0804 17:43:00.162415   14020 watch.go:40] Failed to load config from "d:\\App Pointage\\dataconnect": could not find dataconnect.yaml in `d:\App Pointage\dataconnect`
 {"metadata":{"emulator":{"name":"dataconnect"},"message":"E0804 17:43:00.162415   14020 watch.go:40] Failed to load config from \"d:\\\\App Pointage\\\\dataconnect\": could not find dataconnect.yaml in `d:\\App Pointage\\dataconnect`\n"}}
[debug] [2026-08-04T16:43:10.162Z] E0804 17:43:10.162529   14020 watch.go:40] Failed to load config from "d:\\App Pointage\\dataconnect": could not find dataconnect.yaml in `d:\App Pointage\dataconnect`
 {"metadata":{"emulator":{"name":"dataconnect"},"message":"E0804 17:43:10.162529   14020 watch.go:40] Failed to load config from \"d:\\\\App Pointage\\\\dataconnect\": could not find dataconnect.yaml in `d:\\App Pointage\\dataconnect`\n"}}
[debug] [2026-08-04T16:43:20.162Z] E0804 17:43:20.162292   14020 watch.go:40] Failed to load config from "d:\\App Pointage\\dataconnect": could not find dataconnect.yaml in `d:\App Pointage\dataconnect`
 {"metadata":{"emulator":{"name":"dataconnect"},"message":"E0804 17:43:20.162292   14020 watch.go:40] Failed to load config from \"d:\\\\App Pointage\\\\dataconnect\": could not find dataconnect.yaml in `d:\\App Pointage\\dataconnect`\n"}}
[debug] [2026-08-04T16:43:30.162Z] E0804 17:43:30.162620   14020 watch.go:40] Failed to load config from "d:\\App Pointage\\dataconnect": could not find dataconnect.yaml in `d:\App Pointage\dataconnect`
 {"metadata":{"emulator":{"name":"dataconnect"},"message":"E0804 17:43:30.162620   14020 watch.go:40] Failed to load config from \"d:\\\\App Pointage\\\\dataconnect\": could not find dataconnect.yaml in `d:\\App Pointage\\dataconnect`\n"}}
[debug] [2026-08-04T16:43:40.162Z] E0804 17:43:40.162333   14020 watch.go:40] Failed to load config from "d:\\App Pointage\\dataconnect": could not find dataconnect.yaml in `d:\App Pointage\dataconnect`
 {"metadata":{"emulator":{"name":"dataconnect"},"message":"E0804 17:43:40.162333   14020 watch.go:40] Failed to load config from \"d:\\\\App Pointage\\\\dataconnect\": could not find dataconnect.yaml in `d:\\App Pointage\\dataconnect`\n"}}
[debug] [2026-08-04T16:43:50.169Z] E0804 17:43:50.168217   14020 watch.go:116] watchAllDir unable to walk dir `d:\App Pointage\dataconnect`: GetFileAttributesEx d:\App Pointage\dataconnect: The system cannot find the file specified.
E0804 17:43:50.168217   14020 watch.go:40] Failed to load config from "d:\\App Pointage\\dataconnect": could not find dataconnect.yaml in `d:\App Pointage\dataconnect`
 {"metadata":{"emulator":{"name":"dataconnect"},"message":"E0804 17:43:50.168217   14020 watch.go:116] watchAllDir unable to walk dir `d:\\App Pointage\\dataconnect`: GetFileAttributesEx d:\\App Pointage\\dataconnect: The system cannot find the file specified.\nE0804 17:43:50.168217   14020 watch.go:40] Failed to load config from \"d:\\\\App Pointage\\\\dataconnect\": could not find dataconnect.yaml in `d:\\App Pointage\\dataconnect`\n"}}
[debug] [2026-08-04T16:44:00.165Z] E0804 17:44:00.165115   14020 watch.go:40] Failed to load config from "d:\\App Pointage\\dataconnect": could not find dataconnect.yaml in `d:\App Pointage\dataconnect`
 {"metadata":{"emulator":{"name":"dataconnect"},"message":"E0804 17:44:00.165115   14020 watch.go:40] Failed to load config from \"d:\\\\App Pointage\\\\dataconnect\": could not find dataconnect.yaml in `d:\\App Pointage\\dataconnect`\n"}}
[debug] [2026-08-04T16:44:10.173Z] E0804 17:44:10.172840   14020 watch.go:40] Failed to load config from "d:\\App Pointage\\dataconnect": could not find dataconnect.yaml in `d:\App Pointage\dataconnect`
 {"metadata":{"emulator":{"name":"dataconnect"},"message":"E0804 17:44:10.172840   14020 watch.go:40] Failed to load config from \"d:\\\\App Pointage\\\\dataconnect\": could not find dataconnect.yaml in `d:\\App Pointage\\dataconnect`\n"}}
[debug] [2026-08-04T16:44:20.162Z] E0804 17:44:20.162326   14020 watch.go:40] Failed to load config from "d:\\App Pointage\\dataconnect": could not find dataconnect.yaml in `d:\App Pointage\dataconnect`
 {"metadata":{"emulator":{"name":"dataconnect"},"message":"E0804 17:44:20.162326   14020 watch.go:40] Failed to load config from \"d:\\\\App Pointage\\\\dataconnect\": could not find dataconnect.yaml in `d:\\App Pointage\\dataconnect`\n"}}
[debug] [2026-08-04T16:44:30.167Z] E0804 17:44:30.167968   14020 watch.go:40] Failed to load config from "d:\\App Pointage\\dataconnect": could not find dataconnect.yaml in `d:\App Pointage\dataconnect`
 {"metadata":{"emulator":{"name":"dataconnect"},"message":"E0804 17:44:30.167968   14020 watch.go:40] Failed to load config from \"d:\\\\App Pointage\\\\dataconnect\": could not find dataconnect.yaml in `d:\\App Pointage\\dataconnect`\n"}}
[debug] [2026-08-04T16:44:40.161Z] E0804 17:44:40.162372   14020 watch.go:40] Failed to load config from "d:\\App Pointage\\dataconnect": could not find dataconnect.yaml in `d:\App Pointage\dataconnect`
 {"metadata":{"emulator":{"name":"dataconnect"},"message":"E0804 17:44:40.162372   14020 watch.go:40] Failed to load config from \"d:\\\\App Pointage\\\\dataconnect\": could not find dataconnect.yaml in `d:\\App Pointage\\dataconnect`\n"}}
[debug] [2026-08-04T16:44:50.185Z] E0804 17:44:50.185337   14020 watch.go:40] Failed to load config from "d:\\App Pointage\\dataconnect": could not find dataconnect.yaml in `d:\App Pointage\dataconnect`
 {"metadata":{"emulator":{"name":"dataconnect"},"message":"E0804 17:44:50.185337   14020 watch.go:40] Failed to load config from \"d:\\\\App Pointage\\\\dataconnect\": could not find dataconnect.yaml in `d:\\App Pointage\\dataconnect`\n"}}
[debug] [2026-08-04T16:44:50.194Z] E0804 17:44:50.168335   14020 watch.go:116] watchAllDir unable to walk dir `d:\App Pointage\dataconnect`: GetFileAttributesEx d:\App Pointage\dataconnect: The system cannot find the file specified.
 {"metadata":{"emulator":{"name":"dataconnect"},"message":"E0804 17:44:50.168335   14020 watch.go:116] watchAllDir unable to walk dir `d:\\App Pointage\\dataconnect`: GetFileAttributesEx d:\\App Pointage\\dataconnect: The system cannot find the file specified.\n"}}
[debug] [2026-08-04T16:45:00.170Z] E0804 17:45:00.169970   14020 watch.go:40] Failed to load config from "d:\\App Pointage\\dataconnect": could not find dataconnect.yaml in `d:\App Pointage\dataconnect`
 {"metadata":{"emulator":{"name":"dataconnect"},"message":"E0804 17:45:00.169970   14020 watch.go:40] Failed to load config from \"d:\\\\App Pointage\\\\dataconnect\": could not find dataconnect.yaml in `d:\\App Pointage\\dataconnect`\n"}}
[debug] [2026-08-04T16:45:10.163Z] E0804 17:45:10.163181   14020 watch.go:40] Failed to load config from "d:\\App Pointage\\dataconnect": could not find dataconnect.yaml in `d:\App Pointage\dataconnect`
 {"metadata":{"emulator":{"name":"dataconnect"},"message":"E0804 17:45:10.163181   14020 watch.go:40] Failed to load config from \"d:\\\\App Pointage\\\\dataconnect\": could not find dataconnect.yaml in `d:\\App Pointage\\dataconnect`\n"}}
[debug] [2026-08-04T16:45:20.173Z] E0804 17:45:20.170932   14020 watch.go:40] Failed to load config from "d:\\App Pointage\\dataconnect": could not find dataconnect.yaml in `d:\App Pointage\dataconnect`
 {"metadata":{"emulator":{"name":"dataconnect"},"message":"E0804 17:45:20.170932   14020 watch.go:40] Failed to load config from \"d:\\\\App Pointage\\\\dataconnect\": could not find dataconnect.yaml in `d:\\App Pointage\\dataconnect`\n"}}
[debug] [2026-08-04T16:45:30.162Z] E0804 17:45:30.162357   14020 watch.go:40] Failed to load config from "d:\\App Pointage\\dataconnect": could not find dataconnect.yaml in `d:\App Pointage\dataconnect`
 {"metadata":{"emulator":{"name":"dataconnect"},"message":"E0804 17:45:30.162357   14020 watch.go:40] Failed to load config from \"d:\\\\App Pointage\\\\dataconnect\": could not find dataconnect.yaml in `d:\\App Pointage\\dataconnect`\n"}}
[debug] [2026-08-04T16:45:40.162Z] E0804 17:45:40.162293   14020 watch.go:40] Failed to load config from "d:\\App Pointage\\dataconnect": could not find dataconnect.yaml in `d:\App Pointage\dataconnect`
 {"metadata":{"emulator":{"name":"dataconnect"},"message":"E0804 17:45:40.162293   14020 watch.go:40] Failed to load config from \"d:\\\\App Pointage\\\\dataconnect\": could not find dataconnect.yaml in `d:\\App Pointage\\dataconnect`\n"}}
[debug] [2026-08-04T16:45:50.162Z] E0804 17:45:50.162467   14020 watch.go:116] watchAllDir unable to walk dir `d:\App Pointage\dataconnect`: GetFileAttributesEx d:\App Pointage\dataconnect: The system cannot find the file specified.
E0804 17:45:50.162467   14020 watch.go:40] Failed to load config from "d:\\App Pointage\\dataconnect": could not find dataconnect.yaml in `d:\App Pointage\dataconnect`
 {"metadata":{"emulator":{"name":"dataconnect"},"message":"E0804 17:45:50.162467   14020 watch.go:116] watchAllDir unable to walk dir `d:\\App Pointage\\dataconnect`: GetFileAttributesEx d:\\App Pointage\\dataconnect: The system cannot find the file specified.\nE0804 17:45:50.162467   14020 watch.go:40] Failed to load config from \"d:\\\\App Pointage\\\\dataconnect\": could not find dataconnect.yaml in `d:\\App Pointage\\dataconnect`\n"}}
[debug] [2026-08-04T16:46:00.163Z] E0804 17:46:00.162356   14020 watch.go:40] Failed to load config from "d:\\App Pointage\\dataconnect": could not find dataconnect.yaml in `d:\App Pointage\dataconnect`
 {"metadata":{"emulator":{"name":"dataconnect"},"message":"E0804 17:46:00.162356   14020 watch.go:40] Failed to load config from \"d:\\\\App Pointage\\\\dataconnect\": could not find dataconnect.yaml in `d:\\App Pointage\\dataconnect`\n"}}
[debug] [2026-08-04T16:46:10.162Z] E0804 17:46:10.162484   14020 watch.go:40] Failed to load config from "d:\\App Pointage\\dataconnect": could not find dataconnect.yaml in `d:\App Pointage\dataconnect`
 {"metadata":{"emulator":{"name":"dataconnect"},"message":"E0804 17:46:10.162484   14020 watch.go:40] Failed to load config from \"d:\\\\App Pointage\\\\dataconnect\": could not find dataconnect.yaml in `d:\\App Pointage\\dataconnect`\n"}}
[debug] [2026-08-04T16:46:20.162Z] E0804 17:46:20.162110   14020 watch.go:40] Failed to load config from "d:\\App Pointage\\dataconnect": could not find dataconnect.yaml in `d:\App Pointage\dataconnect`
 {"metadata":{"emulator":{"name":"dataconnect"},"message":"E0804 17:46:20.162110   14020 watch.go:40] Failed to load config from \"d:\\\\App Pointage\\\\dataconnect\": could not find dataconnect.yaml in `d:\\App Pointage\\dataconnect`\n"}}
[debug] [2026-08-04T16:46:30.179Z] E0804 17:46:30.171084   14020 watch.go:40] Failed to load config from "d:\\App Pointage\\dataconnect": could not find dataconnect.yaml in `d:\App Pointage\dataconnect`
 {"metadata":{"emulator":{"name":"dataconnect"},"message":"E0804 17:46:30.171084   14020 watch.go:40] Failed to load config from \"d:\\\\App Pointage\\\\dataconnect\": could not find dataconnect.yaml in `d:\\App Pointage\\dataconnect`\n"}}
[debug] [2026-08-04T16:46:40.173Z] E0804 17:46:40.171916   14020 watch.go:40] Failed to load config from "d:\\App Pointage\\dataconnect": could not find dataconnect.yaml in `d:\App Pointage\dataconnect`
 {"metadata":{"emulator":{"name":"dataconnect"},"message":"E0804 17:46:40.171916   14020 watch.go:40] Failed to load config from \"d:\\\\App Pointage\\\\dataconnect\": could not find dataconnect.yaml in `d:\\App Pointage\\dataconnect`\n"}}
[debug] [2026-08-04T16:46:50.168Z] E0804 17:46:50.165797   14020 watch.go:116] watchAllDir unable to walk dir `d:\App Pointage\dataconnect`: GetFileAttributesEx d:\App Pointage\dataconnect: The system cannot find the file specified.
E0804 17:46:50.166798   14020 watch.go:40] Failed to load config from "d:\\App Pointage\\dataconnect": could not find dataconnect.yaml in `d:\App Pointage\dataconnect`
 {"metadata":{"emulator":{"name":"dataconnect"},"message":"E0804 17:46:50.165797   14020 watch.go:116] watchAllDir unable to walk dir `d:\\App Pointage\\dataconnect`: GetFileAttributesEx d:\\App Pointage\\dataconnect: The system cannot find the file specified.\nE0804 17:46:50.166798   14020 watch.go:40] Failed to load config from \"d:\\\\App Pointage\\\\dataconnect\": could not find dataconnect.yaml in `d:\\App Pointage\\dataconnect`\n"}}
[debug] [2026-08-04T16:47:00.173Z] E0804 17:47:00.167983   14020 watch.go:40] Failed to load config from "d:\\App Pointage\\dataconnect": could not find dataconnect.yaml in `d:\App Pointage\dataconnect`
 {"metadata":{"emulator":{"name":"dataconnect"},"message":"E0804 17:47:00.167983   14020 watch.go:40] Failed to load config from \"d:\\\\App Pointage\\\\dataconnect\": could not find dataconnect.yaml in `d:\\App Pointage\\dataconnect`\n"}}
[debug] [2026-08-04T16:47:10.162Z] E0804 17:47:10.162776   14020 watch.go:40] Failed to load config from "d:\\App Pointage\\dataconnect": could not find dataconnect.yaml in `d:\App Pointage\dataconnect`
 {"metadata":{"emulator":{"name":"dataconnect"},"message":"E0804 17:47:10.162776   14020 watch.go:40] Failed to load config from \"d:\\\\App Pointage\\\\dataconnect\": could not find dataconnect.yaml in `d:\\App Pointage\\dataconnect`\n"}}
[debug] [2026-08-04T16:47:20.162Z] E0804 17:47:20.162395   14020 watch.go:40] Failed to load config from "d:\\App Pointage\\dataconnect": could not find dataconnect.yaml in `d:\App Pointage\dataconnect`
 {"metadata":{"emulator":{"name":"dataconnect"},"message":"E0804 17:47:20.162395   14020 watch.go:40] Failed to load config from \"d:\\\\App Pointage\\\\dataconnect\": could not find dataconnect.yaml in `d:\\App Pointage\\dataconnect`\n"}}
[debug] [2026-08-04T16:47:30.162Z] E0804 17:47:30.162340   14020 watch.go:40] Failed to load config from "d:\\App Pointage\\dataconnect": could not find dataconnect.yaml in `d:\App Pointage\dataconnect`
 {"metadata":{"emulator":{"name":"dataconnect"},"message":"E0804 17:47:30.162340   14020 watch.go:40] Failed to load config from \"d:\\\\App Pointage\\\\dataconnect\": could not find dataconnect.yaml in `d:\\App Pointage\\dataconnect`\n"}}
[debug] [2026-08-04T16:47:40.161Z] E0804 17:47:40.162126   14020 watch.go:40] Failed to load config from "d:\\App Pointage\\dataconnect": could not find dataconnect.yaml in `d:\App Pointage\dataconnect`
 {"metadata":{"emulator":{"name":"dataconnect"},"message":"E0804 17:47:40.162126   14020 watch.go:40] Failed to load config from \"d:\\\\App Pointage\\\\dataconnect\": could not find dataconnect.yaml in `d:\\App Pointage\\dataconnect`\n"}}
[debug] [2026-08-04T16:47:50.162Z] E0804 17:47:50.162309   14020 watch.go:116] watchAllDir unable to walk dir `d:\App Pointage\dataconnect`: GetFileAttributesEx d:\App Pointage\dataconnect: The system cannot find the file specified.
E0804 17:47:50.162309   14020 watch.go:40] Failed to load config from "d:\\App Pointage\\dataconnect": could not find dataconnect.yaml in `d:\App Pointage\dataconnect`
 {"metadata":{"emulator":{"name":"dataconnect"},"message":"E0804 17:47:50.162309   14020 watch.go:116] watchAllDir unable to walk dir `d:\\App Pointage\\dataconnect`: GetFileAttributesEx d:\\App Pointage\\dataconnect: The system cannot find the file specified.\nE0804 17:47:50.162309   14020 watch.go:40] Failed to load config from \"d:\\\\App Pointage\\\\dataconnect\": could not find dataconnect.yaml in `d:\\App Pointage\\dataconnect`\n"}}
[debug] [2026-08-04T16:48:00.163Z] E0804 17:48:00.162727   14020 watch.go:40] Failed to load config from "d:\\App Pointage\\dataconnect": could not find dataconnect.yaml in `d:\App Pointage\dataconnect`
 {"metadata":{"emulator":{"name":"dataconnect"},"message":"E0804 17:48:00.162727   14020 watch.go:40] Failed to load config from \"d:\\\\App Pointage\\\\dataconnect\": could not find dataconnect.yaml in `d:\\App Pointage\\dataconnect`\n"}}
[debug] [2026-08-04T16:48:10.162Z] E0804 17:48:10.162351   14020 watch.go:40] Failed to load config from "d:\\App Pointage\\dataconnect": could not find dataconnect.yaml in `d:\App Pointage\dataconnect`
 {"metadata":{"emulator":{"name":"dataconnect"},"message":"E0804 17:48:10.162351   14020 watch.go:40] Failed to load config from \"d:\\\\App Pointage\\\\dataconnect\": could not find dataconnect.yaml in `d:\\App Pointage\\dataconnect`\n"}}
[debug] [2026-08-04T16:48:20.171Z] E0804 17:48:20.163244   14020 watch.go:40] Failed to load config from "d:\\App Pointage\\dataconnect": could not find dataconnect.yaml in `d:\App Pointage\dataconnect`
 {"metadata":{"emulator":{"name":"dataconnect"},"message":"E0804 17:48:20.163244   14020 watch.go:40] Failed to load config from \"d:\\\\App Pointage\\\\dataconnect\": could not find dataconnect.yaml in `d:\\App Pointage\\dataconnect`\n"}}
[debug] [2026-08-04T16:48:30.162Z] E0804 17:48:30.162192   14020 watch.go:40] Failed to load config from "d:\\App Pointage\\dataconnect": could not find dataconnect.yaml in `d:\App Pointage\dataconnect`
 {"metadata":{"emulator":{"name":"dataconnect"},"message":"E0804 17:48:30.162192   14020 watch.go:40] Failed to load config from \"d:\\\\App Pointage\\\\dataconnect\": could not find dataconnect.yaml in `d:\\App Pointage\\dataconnect`\n"}}
[debug] [2026-08-04T16:48:40.165Z] E0804 17:48:40.163954   14020 watch.go:40] Failed to load config from "d:\\App Pointage\\dataconnect": could not find dataconnect.yaml in `d:\App Pointage\dataconnect`
 {"metadata":{"emulator":{"name":"dataconnect"},"message":"E0804 17:48:40.163954   14020 watch.go:40] Failed to load config from \"d:\\\\App Pointage\\\\dataconnect\": could not find dataconnect.yaml in `d:\\App Pointage\\dataconnect`\n"}}
[debug] [2026-08-04T16:48:50.162Z] E0804 17:48:50.162403   14020 watch.go:116] watchAllDir unable to walk dir `d:\App Pointage\dataconnect`: GetFileAttributesEx d:\App Pointage\dataconnect: The system cannot find the file specified.
E0804 17:48:50.162403   14020 watch.go:40] Failed to load config from "d:\\App Pointage\\dataconnect": could not find dataconnect.yaml in `d:\App Pointage\dataconnect`
 {"metadata":{"emulator":{"name":"dataconnect"},"message":"E0804 17:48:50.162403   14020 watch.go:116] watchAllDir unable to walk dir `d:\\App Pointage\\dataconnect`: GetFileAttributesEx d:\\App Pointage\\dataconnect: The system cannot find the file specified.\nE0804 17:48:50.162403   14020 watch.go:40] Failed to load config from \"d:\\\\App Pointage\\\\dataconnect\": could not find dataconnect.yaml in `d:\\App Pointage\\dataconnect`\n"}}
[debug] [2026-08-04T16:49:00.162Z] E0804 17:49:00.162453   14020 watch.go:40] Failed to load config from "d:\\App Pointage\\dataconnect": could not find dataconnect.yaml in `d:\App Pointage\dataconnect`
 {"metadata":{"emulator":{"name":"dataconnect"},"message":"E0804 17:49:00.162453   14020 watch.go:40] Failed to load config from \"d:\\\\App Pointage\\\\dataconnect\": could not find dataconnect.yaml in `d:\\App Pointage\\dataconnect`\n"}}
[debug] [2026-08-04T16:49:10.162Z] E0804 17:49:10.162386   14020 watch.go:40] Failed to load config from "d:\\App Pointage\\dataconnect": could not find dataconnect.yaml in `d:\App Pointage\dataconnect`
 {"metadata":{"emulator":{"name":"dataconnect"},"message":"E0804 17:49:10.162386   14020 watch.go:40] Failed to load config from \"d:\\\\App Pointage\\\\dataconnect\": could not find dataconnect.yaml in `d:\\App Pointage\\dataconnect`\n"}}
[debug] [2026-08-04T16:49:20.163Z] E0804 17:49:20.162384   14020 watch.go:40] Failed to load config from "d:\\App Pointage\\dataconnect": could not find dataconnect.yaml in `d:\App Pointage\dataconnect`
 {"metadata":{"emulator":{"name":"dataconnect"},"message":"E0804 17:49:20.162384   14020 watch.go:40] Failed to load config from \"d:\\\\App Pointage\\\\dataconnect\": could not find dataconnect.yaml in `d:\\App Pointage\\dataconnect`\n"}}
[debug] [2026-08-04T16:49:30.162Z] E0804 17:49:30.162436   14020 watch.go:40] Failed to load config from "d:\\App Pointage\\dataconnect": could not find dataconnect.yaml in `d:\App Pointage\dataconnect`
 {"metadata":{"emulator":{"name":"dataconnect"},"message":"E0804 17:49:30.162436   14020 watch.go:40] Failed to load config from \"d:\\\\App Pointage\\\\dataconnect\": could not find dataconnect.yaml in `d:\\App Pointage\\dataconnect`\n"}}
[debug] [2026-08-04T16:49:40.162Z] E0804 17:49:40.162311   14020 watch.go:40] Failed to load config from "d:\\App Pointage\\dataconnect": could not find dataconnect.yaml in `d:\App Pointage\dataconnect`
 {"metadata":{"emulator":{"name":"dataconnect"},"message":"E0804 17:49:40.162311   14020 watch.go:40] Failed to load config from \"d:\\\\App Pointage\\\\dataconnect\": could not find dataconnect.yaml in `d:\\App Pointage\\dataconnect`\n"}}
[debug] [2026-08-04T16:49:50.162Z] E0804 17:49:50.162473   14020 watch.go:116] watchAllDir unable to walk dir `d:\App Pointage\dataconnect`: GetFileAttributesEx d:\App Pointage\dataconnect: The system cannot find the file specified.
 {"metadata":{"emulator":{"name":"dataconnect"},"message":"E0804 17:49:50.162473   14020 watch.go:116] watchAllDir unable to walk dir `d:\\App Pointage\\dataconnect`: GetFileAttributesEx d:\\App Pointage\\dataconnect: The system cannot find the file specified.\n"}}
[debug] [2026-08-04T16:49:50.163Z] E0804 17:49:50.162473   14020 watch.go:40] Failed to load config from "d:\\App Pointage\\dataconnect": could not find dataconnect.yaml in `d:\App Pointage\dataconnect`
 {"metadata":{"emulator":{"name":"dataconnect"},"message":"E0804 17:49:50.162473   14020 watch.go:40] Failed to load config from \"d:\\\\App Pointage\\\\dataconnect\": could not find dataconnect.yaml in `d:\\App Pointage\\dataconnect`\n"}}
[debug] [2026-08-04T16:50:00.163Z] E0804 17:50:00.162981   14020 watch.go:40] Failed to load config from "d:\\App Pointage\\dataconnect": could not find dataconnect.yaml in `d:\App Pointage\dataconnect`
 {"metadata":{"emulator":{"name":"dataconnect"},"message":"E0804 17:50:00.162981   14020 watch.go:40] Failed to load config from \"d:\\\\App Pointage\\\\dataconnect\": could not find dataconnect.yaml in `d:\\App Pointage\\dataconnect`\n"}}
[debug] [2026-08-04T16:50:10.163Z] E0804 17:50:10.162977   14020 watch.go:40] Failed to load config from "d:\\App Pointage\\dataconnect": could not find dataconnect.yaml in `d:\App Pointage\dataconnect`
 {"metadata":{"emulator":{"name":"dataconnect"},"message":"E0804 17:50:10.162977   14020 watch.go:40] Failed to load config from \"d:\\\\App Pointage\\\\dataconnect\": could not find dataconnect.yaml in `d:\\App Pointage\\dataconnect`\n"}}
[debug] [2026-08-04T16:50:20.163Z] E0804 17:50:20.162913   14020 watch.go:40] Failed to load config from "d:\\App Pointage\\dataconnect": could not find dataconnect.yaml in `d:\App Pointage\dataconnect`
 {"metadata":{"emulator":{"name":"dataconnect"},"message":"E0804 17:50:20.162913   14020 watch.go:40] Failed to load config from \"d:\\\\App Pointage\\\\dataconnect\": could not find dataconnect.yaml in `d:\\App Pointage\\dataconnect`\n"}}
[debug] [2026-08-04T16:50:30.162Z] E0804 17:50:30.162126   14020 watch.go:40] Failed to load config from "d:\\App Pointage\\dataconnect": could not find dataconnect.yaml in `d:\App Pointage\dataconnect`
 {"metadata":{"emulator":{"name":"dataconnect"},"message":"E0804 17:50:30.162126   14020 watch.go:40] Failed to load config from \"d:\\\\App Pointage\\\\dataconnect\": could not find dataconnect.yaml in `d:\\App Pointage\\dataconnect`\n"}}
[debug] [2026-08-04T16:50:40.162Z] E0804 17:50:40.162270   14020 watch.go:40] Failed to load config from "d:\\App Pointage\\dataconnect": could not find dataconnect.yaml in `d:\App Pointage\dataconnect`
 {"metadata":{"emulator":{"name":"dataconnect"},"message":"E0804 17:50:40.162270   14020 watch.go:40] Failed to load config from \"d:\\\\App Pointage\\\\dataconnect\": could not find dataconnect.yaml in `d:\\App Pointage\\dataconnect`\n"}}
[debug] [2026-08-04T16:50:50.164Z] E0804 17:50:50.162545   14020 watch.go:116] watchAllDir unable to walk dir `d:\App Pointage\dataconnect`: GetFileAttributesEx d:\App Pointage\dataconnect: The system cannot find the file specified.
E0804 17:50:50.164259   14020 watch.go:40] Failed to load config from "d:\\App Pointage\\dataconnect": could not find dataconnect.yaml in `d:\App Pointage\dataconnect`
 {"metadata":{"emulator":{"name":"dataconnect"},"message":"E0804 17:50:50.162545   14020 watch.go:116] watchAllDir unable to walk dir `d:\\App Pointage\\dataconnect`: GetFileAttributesEx d:\\App Pointage\\dataconnect: The system cannot find the file specified.\nE0804 17:50:50.164259   14020 watch.go:40] Failed to load config from \"d:\\\\App Pointage\\\\dataconnect\": could not find dataconnect.yaml in `d:\\App Pointage\\dataconnect`\n"}}
[debug] [2026-08-04T16:51:00.162Z] E0804 17:51:00.162810   14020 watch.go:40] Failed to load config from "d:\\App Pointage\\dataconnect": could not find dataconnect.yaml in `d:\App Pointage\dataconnect`
 {"metadata":{"emulator":{"name":"dataconnect"},"message":"E0804 17:51:00.162810   14020 watch.go:40] Failed to load config from \"d:\\\\App Pointage\\\\dataconnect\": could not find dataconnect.yaml in `d:\\App Pointage\\dataconnect`\n"}}
[debug] [2026-08-04T16:51:10.164Z] E0804 17:51:10.162288   14020 watch.go:40] Failed to load config from "d:\\App Pointage\\dataconnect": could not find dataconnect.yaml in `d:\App Pointage\dataconnect`
 {"metadata":{"emulator":{"name":"dataconnect"},"message":"E0804 17:51:10.162288   14020 watch.go:40] Failed to load config from \"d:\\\\App Pointage\\\\dataconnect\": could not find dataconnect.yaml in `d:\\App Pointage\\dataconnect`\n"}}
[debug] [2026-08-04T16:51:20.162Z] E0804 17:51:20.162282   14020 watch.go:40] Failed to load config from "d:\\App Pointage\\dataconnect": could not find dataconnect.yaml in `d:\App Pointage\dataconnect`
 {"metadata":{"emulator":{"name":"dataconnect"},"message":"E0804 17:51:20.162282   14020 watch.go:40] Failed to load config from \"d:\\\\App Pointage\\\\dataconnect\": could not find dataconnect.yaml in `d:\\App Pointage\\dataconnect`\n"}}
[debug] [2026-08-04T16:51:30.162Z] E0804 17:51:30.162464   14020 watch.go:40] Failed to load config from "d:\\App Pointage\\dataconnect": could not find dataconnect.yaml in `d:\App Pointage\dataconnect`
 {"metadata":{"emulator":{"name":"dataconnect"},"message":"E0804 17:51:30.162464   14020 watch.go:40] Failed to load config from \"d:\\\\App Pointage\\\\dataconnect\": could not find dataconnect.yaml in `d:\\App Pointage\\dataconnect`\n"}}
[debug] [2026-08-04T16:51:40.162Z] E0804 17:51:40.162143   14020 watch.go:40] Failed to load config from "d:\\App Pointage\\dataconnect": could not find dataconnect.yaml in `d:\App Pointage\dataconnect`
 {"metadata":{"emulator":{"name":"dataconnect"},"message":"E0804 17:51:40.162143   14020 watch.go:40] Failed to load config from \"d:\\\\App Pointage\\\\dataconnect\": could not find dataconnect.yaml in `d:\\App Pointage\\dataconnect`\n"}}
[debug] [2026-08-04T16:51:50.162Z] E0804 17:51:50.162581   14020 watch.go:116] watchAllDir unable to walk dir `d:\App Pointage\dataconnect`: GetFileAttributesEx d:\App Pointage\dataconnect: The system cannot find the file specified.
E0804 17:51:50.162581   14020 watch.go:40] Failed to load config from "d:\\App Pointage\\dataconnect": could not find dataconnect.yaml in `d:\App Pointage\dataconnect`
 {"metadata":{"emulator":{"name":"dataconnect"},"message":"E0804 17:51:50.162581   14020 watch.go:116] watchAllDir unable to walk dir `d:\\App Pointage\\dataconnect`: GetFileAttributesEx d:\\App Pointage\\dataconnect: The system cannot find the file specified.\nE0804 17:51:50.162581   14020 watch.go:40] Failed to load config from \"d:\\\\App Pointage\\\\dataconnect\": could not find dataconnect.yaml in `d:\\App Pointage\\dataconnect`\n"}}
[debug] [2026-08-04T16:52:00.162Z] E0804 17:52:00.162308   14020 watch.go:40] Failed to load config from "d:\\App Pointage\\dataconnect": could not find dataconnect.yaml in `d:\App Pointage\dataconnect`
 {"metadata":{"emulator":{"name":"dataconnect"},"message":"E0804 17:52:00.162308   14020 watch.go:40] Failed to load config from \"d:\\\\App Pointage\\\\dataconnect\": could not find dataconnect.yaml in `d:\\App Pointage\\dataconnect`\n"}}
[debug] [2026-08-04T16:52:10.162Z] E0804 17:52:10.162162   14020 watch.go:40] Failed to load config from "d:\\App Pointage\\dataconnect": could not find dataconnect.yaml in `d:\App Pointage\dataconnect`
 {"metadata":{"emulator":{"name":"dataconnect"},"message":"E0804 17:52:10.162162   14020 watch.go:40] Failed to load config from \"d:\\\\App Pointage\\\\dataconnect\": could not find dataconnect.yaml in `d:\\App Pointage\\dataconnect`\n"}}
[debug] [2026-08-04T16:52:20.162Z] E0804 17:52:20.162613   14020 watch.go:40] Failed to load config from "d:\\App Pointage\\dataconnect": could not find dataconnect.yaml in `d:\App Pointage\dataconnect`
 {"metadata":{"emulator":{"name":"dataconnect"},"message":"E0804 17:52:20.162613   14020 watch.go:40] Failed to load config from \"d:\\\\App Pointage\\\\dataconnect\": could not find dataconnect.yaml in `d:\\App Pointage\\dataconnect`\n"}}
[debug] [2026-08-04T16:52:30.162Z] E0804 17:52:30.162574   14020 watch.go:40] Failed to load config from "d:\\App Pointage\\dataconnect": could not find dataconnect.yaml in `d:\App Pointage\dataconnect`
 {"metadata":{"emulator":{"name":"dataconnect"},"message":"E0804 17:52:30.162574   14020 watch.go:40] Failed to load config from \"d:\\\\App Pointage\\\\dataconnect\": could not find dataconnect.yaml in `d:\\App Pointage\\dataconnect`\n"}}
[debug] [2026-08-04T16:52:40.162Z] E0804 17:52:40.162479   14020 watch.go:40] Failed to load config from "d:\\App Pointage\\dataconnect": could not find dataconnect.yaml in `d:\App Pointage\dataconnect`
 {"metadata":{"emulator":{"name":"dataconnect"},"message":"E0804 17:52:40.162479   14020 watch.go:40] Failed to load config from \"d:\\\\App Pointage\\\\dataconnect\": could not find dataconnect.yaml in `d:\\App Pointage\\dataconnect`\n"}}
[debug] [2026-08-04T16:52:50.162Z] E0804 17:52:50.162154   14020 watch.go:116] watchAllDir unable to walk dir `d:\App Pointage\dataconnect`: GetFileAttributesEx d:\App Pointage\dataconnect: The system cannot find the file specified.
 {"metadata":{"emulator":{"name":"dataconnect"},"message":"E0804 17:52:50.162154   14020 watch.go:116] watchAllDir unable to walk dir `d:\\App Pointage\\dataconnect`: GetFileAttributesEx d:\\App Pointage\\dataconnect: The system cannot find the file specified.\n"}}
[debug] [2026-08-04T16:52:50.163Z] E0804 17:52:50.162154   14020 watch.go:40] Failed to load config from "d:\\App Pointage\\dataconnect": could not find dataconnect.yaml in `d:\App Pointage\dataconnect`
 {"metadata":{"emulator":{"name":"dataconnect"},"message":"E0804 17:52:50.162154   14020 watch.go:40] Failed to load config from \"d:\\\\App Pointage\\\\dataconnect\": could not find dataconnect.yaml in `d:\\App Pointage\\dataconnect`\n"}}
[debug] [2026-08-04T16:53:00.163Z] E0804 17:53:00.162897   14020 watch.go:40] Failed to load config from "d:\\App Pointage\\dataconnect": could not find dataconnect.yaml in `d:\App Pointage\dataconnect`
 {"metadata":{"emulator":{"name":"dataconnect"},"message":"E0804 17:53:00.162897   14020 watch.go:40] Failed to load config from \"d:\\\\App Pointage\\\\dataconnect\": could not find dataconnect.yaml in `d:\\App Pointage\\dataconnect`\n"}}
[debug] [2026-08-04T16:53:10.162Z] E0804 17:53:10.162483   14020 watch.go:40] Failed to load config from "d:\\App Pointage\\dataconnect": could not find dataconnect.yaml in `d:\App Pointage\dataconnect`
 {"metadata":{"emulator":{"name":"dataconnect"},"message":"E0804 17:53:10.162483   14020 watch.go:40] Failed to load config from \"d:\\\\App Pointage\\\\dataconnect\": could not find dataconnect.yaml in `d:\\App Pointage\\dataconnect`\n"}}
[debug] [2026-08-04T16:53:20.162Z] E0804 17:53:20.162425   14020 watch.go:40] Failed to load config from "d:\\App Pointage\\dataconnect": could not find dataconnect.yaml in `d:\App Pointage\dataconnect`
 {"metadata":{"emulator":{"name":"dataconnect"},"message":"E0804 17:53:20.162425   14020 watch.go:40] Failed to load config from \"d:\\\\App Pointage\\\\dataconnect\": could not find dataconnect.yaml in `d:\\App Pointage\\dataconnect`\n"}}
[debug] [2026-08-04T16:53:30.162Z] E0804 17:53:30.162523   14020 watch.go:40] Failed to load config from "d:\\App Pointage\\dataconnect": could not find dataconnect.yaml in `d:\App Pointage\dataconnect`
 {"metadata":{"emulator":{"name":"dataconnect"},"message":"E0804 17:53:30.162523   14020 watch.go:40] Failed to load config from \"d:\\\\App Pointage\\\\dataconnect\": could not find dataconnect.yaml in `d:\\App Pointage\\dataconnect`\n"}}
[debug] [2026-08-04T16:53:40.163Z] E0804 17:53:40.162569   14020 watch.go:40] Failed to load config from "d:\\App Pointage\\dataconnect": could not find dataconnect.yaml in `d:\App Pointage\dataconnect`
 {"metadata":{"emulator":{"name":"dataconnect"},"message":"E0804 17:53:40.162569   14020 watch.go:40] Failed to load config from \"d:\\\\App Pointage\\\\dataconnect\": could not find dataconnect.yaml in `d:\\App Pointage\\dataconnect`\n"}}
[debug] [2026-08-04T16:53:50.162Z] E0804 17:53:50.162166   14020 watch.go:116] watchAllDir unable to walk dir `d:\App Pointage\dataconnect`: GetFileAttributesEx d:\App Pointage\dataconnect: The system cannot find the file specified.
E0804 17:53:50.162166   14020 watch.go:40] Failed to load config from "d:\\App Pointage\\dataconnect": could not find dataconnect.yaml in `d:\App Pointage\dataconnect`
 {"metadata":{"emulator":{"name":"dataconnect"},"message":"E0804 17:53:50.162166   14020 watch.go:116] watchAllDir unable to walk dir `d:\\App Pointage\\dataconnect`: GetFileAttributesEx d:\\App Pointage\\dataconnect: The system cannot find the file specified.\nE0804 17:53:50.162166   14020 watch.go:40] Failed to load config from \"d:\\\\App Pointage\\\\dataconnect\": could not find dataconnect.yaml in `d:\\App Pointage\\dataconnect`\n"}}
[debug] [2026-08-04T16:54:00.162Z] E0804 17:54:00.162229   14020 watch.go:40] Failed to load config from "d:\\App Pointage\\dataconnect": could not find dataconnect.yaml in `d:\App Pointage\dataconnect`
 {"metadata":{"emulator":{"name":"dataconnect"},"message":"E0804 17:54:00.162229   14020 watch.go:40] Failed to load config from \"d:\\\\App Pointage\\\\dataconnect\": could not find dataconnect.yaml in `d:\\App Pointage\\dataconnect`\n"}}
[debug] [2026-08-04T16:54:10.162Z] E0804 17:54:10.162415   14020 watch.go:40] Failed to load config from "d:\\App Pointage\\dataconnect": could not find dataconnect.yaml in `d:\App Pointage\dataconnect`
 {"metadata":{"emulator":{"name":"dataconnect"},"message":"E0804 17:54:10.162415   14020 watch.go:40] Failed to load config from \"d:\\\\App Pointage\\\\dataconnect\": could not find dataconnect.yaml in `d:\\App Pointage\\dataconnect`\n"}}
[debug] [2026-08-04T16:54:20.162Z] E0804 17:54:20.162484   14020 watch.go:40] Failed to load config from "d:\\App Pointage\\dataconnect": could not find dataconnect.yaml in `d:\App Pointage\dataconnect`
 {"metadata":{"emulator":{"name":"dataconnect"},"message":"E0804 17:54:20.162484   14020 watch.go:40] Failed to load config from \"d:\\\\App Pointage\\\\dataconnect\": could not find dataconnect.yaml in `d:\\App Pointage\\dataconnect`\n"}}
[debug] [2026-08-04T16:54:30.162Z] E0804 17:54:30.162579   14020 watch.go:40] Failed to load config from "d:\\App Pointage\\dataconnect": could not find dataconnect.yaml in `d:\App Pointage\dataconnect`
 {"metadata":{"emulator":{"name":"dataconnect"},"message":"E0804 17:54:30.162579   14020 watch.go:40] Failed to load config from \"d:\\\\App Pointage\\\\dataconnect\": could not find dataconnect.yaml in `d:\\App Pointage\\dataconnect`\n"}}
[debug] [2026-08-04T16:54:40.162Z] E0804 17:54:40.162305   14020 watch.go:40] Failed to load config from "d:\\App Pointage\\dataconnect": could not find dataconnect.yaml in `d:\App Pointage\dataconnect`
 {"metadata":{"emulator":{"name":"dataconnect"},"message":"E0804 17:54:40.162305   14020 watch.go:40] Failed to load config from \"d:\\\\App Pointage\\\\dataconnect\": could not find dataconnect.yaml in `d:\\App Pointage\\dataconnect`\n"}}
[debug] [2026-08-04T16:54:50.162Z] E0804 17:54:50.162666   14020 watch.go:116] watchAllDir unable to walk dir `d:\App Pointage\dataconnect`: GetFileAttributesEx d:\App Pointage\dataconnect: The system cannot find the file specified.
E0804 17:54:50.162666   14020 watch.go:40] Failed to load config from "d:\\App Pointage\\dataconnect": could not find dataconnect.yaml in `d:\App Pointage\dataconnect`
 {"metadata":{"emulator":{"name":"dataconnect"},"message":"E0804 17:54:50.162666   14020 watch.go:116] watchAllDir unable to walk dir `d:\\App Pointage\\dataconnect`: GetFileAttributesEx d:\\App Pointage\\dataconnect: The system cannot find the file specified.\nE0804 17:54:50.162666   14020 watch.go:40] Failed to load config from \"d:\\\\App Pointage\\\\dataconnect\": could not find dataconnect.yaml in `d:\\App Pointage\\dataconnect`\n"}}
[debug] [2026-08-04T16:55:00.163Z] E0804 17:55:00.163068   14020 watch.go:40] Failed to load config from "d:\\App Pointage\\dataconnect": could not find dataconnect.yaml in `d:\App Pointage\dataconnect`
 {"metadata":{"emulator":{"name":"dataconnect"},"message":"E0804 17:55:00.163068   14020 watch.go:40] Failed to load config from \"d:\\\\App Pointage\\\\dataconnect\": could not find dataconnect.yaml in `d:\\App Pointage\\dataconnect`\n"}}
[debug] [2026-08-04T16:55:10.163Z] E0804 17:55:10.162579   14020 watch.go:40] Failed to load config from "d:\\App Pointage\\dataconnect": could not find dataconnect.yaml in `d:\App Pointage\dataconnect`
 {"metadata":{"emulator":{"name":"dataconnect"},"message":"E0804 17:55:10.162579   14020 watch.go:40] Failed to load config from \"d:\\\\App Pointage\\\\dataconnect\": could not find dataconnect.yaml in `d:\\App Pointage\\dataconnect`\n"}}
[debug] [2026-08-04T16:55:20.162Z] E0804 17:55:20.162387   14020 watch.go:40] Failed to load config from "d:\\App Pointage\\dataconnect": could not find dataconnect.yaml in `d:\App Pointage\dataconnect`
 {"metadata":{"emulator":{"name":"dataconnect"},"message":"E0804 17:55:20.162387   14020 watch.go:40] Failed to load config from \"d:\\\\App Pointage\\\\dataconnect\": could not find dataconnect.yaml in `d:\\App Pointage\\dataconnect`\n"}}
[debug] [2026-08-04T16:55:30.162Z] E0804 17:55:30.162245   14020 watch.go:40] Failed to load config from "d:\\App Pointage\\dataconnect": could not find dataconnect.yaml in `d:\App Pointage\dataconnect`
 {"metadata":{"emulator":{"name":"dataconnect"},"message":"E0804 17:55:30.162245   14020 watch.go:40] Failed to load config from \"d:\\\\App Pointage\\\\dataconnect\": could not find dataconnect.yaml in `d:\\App Pointage\\dataconnect`\n"}}
[debug] [2026-08-04T16:55:40.162Z] E0804 17:55:40.162471   14020 watch.go:40] Failed to load config from "d:\\App Pointage\\dataconnect": could not find dataconnect.yaml in `d:\App Pointage\dataconnect`
 {"metadata":{"emulator":{"name":"dataconnect"},"message":"E0804 17:55:40.162471   14020 watch.go:40] Failed to load config from \"d:\\\\App Pointage\\\\dataconnect\": could not find dataconnect.yaml in `d:\\App Pointage\\dataconnect`\n"}}
[debug] [2026-08-04T16:55:50.163Z] E0804 17:55:50.162523   14020 watch.go:116] watchAllDir unable to walk dir `d:\App Pointage\dataconnect`: GetFileAttributesEx d:\App Pointage\dataconnect: The system cannot find the file specified.
E0804 17:55:50.162523   14020 watch.go:40] Failed to load config from "d:\\App Pointage\\dataconnect": could not find dataconnect.yaml in `d:\App Pointage\dataconnect`
 {"metadata":{"emulator":{"name":"dataconnect"},"message":"E0804 17:55:50.162523   14020 watch.go:116] watchAllDir unable to walk dir `d:\\App Pointage\\dataconnect`: GetFileAttributesEx d:\\App Pointage\\dataconnect: The system cannot find the file specified.\nE0804 17:55:50.162523   14020 watch.go:40] Failed to load config from \"d:\\\\App Pointage\\\\dataconnect\": could not find dataconnect.yaml in `d:\\App Pointage\\dataconnect`\n"}}
[debug] [2026-08-04T16:56:00.163Z] E0804 17:56:00.162834   14020 watch.go:40] Failed to load config from "d:\\App Pointage\\dataconnect": could not find dataconnect.yaml in `d:\App Pointage\dataconnect`
 {"metadata":{"emulator":{"name":"dataconnect"},"message":"E0804 17:56:00.162834   14020 watch.go:40] Failed to load config from \"d:\\\\App Pointage\\\\dataconnect\": could not find dataconnect.yaml in `d:\\App Pointage\\dataconnect`\n"}}
[debug] [2026-08-04T16:56:10.163Z] E0804 17:56:10.162384   14020 watch.go:40] Failed to load config from "d:\\App Pointage\\dataconnect": could not find dataconnect.yaml in `d:\App Pointage\dataconnect`
 {"metadata":{"emulator":{"name":"dataconnect"},"message":"E0804 17:56:10.162384   14020 watch.go:40] Failed to load config from \"d:\\\\App Pointage\\\\dataconnect\": could not find dataconnect.yaml in `d:\\App Pointage\\dataconnect`\n"}}
[debug] [2026-08-04T16:56:20.163Z] E0804 17:56:20.162233   14020 watch.go:40] Failed to load config from "d:\\App Pointage\\dataconnect": could not find dataconnect.yaml in `d:\App Pointage\dataconnect`
 {"metadata":{"emulator":{"name":"dataconnect"},"message":"E0804 17:56:20.162233   14020 watch.go:40] Failed to load config from \"d:\\\\App Pointage\\\\dataconnect\": could not find dataconnect.yaml in `d:\\App Pointage\\dataconnect`\n"}}
[debug] [2026-08-04T16:56:30.163Z] E0804 17:56:30.162489   14020 watch.go:40] Failed to load config from "d:\\App Pointage\\dataconnect": could not find dataconnect.yaml in `d:\App Pointage\dataconnect`
 {"metadata":{"emulator":{"name":"dataconnect"},"message":"E0804 17:56:30.162489   14020 watch.go:40] Failed to load config from \"d:\\\\App Pointage\\\\dataconnect\": could not find dataconnect.yaml in `d:\\App Pointage\\dataconnect`\n"}}
[debug] [2026-08-04T16:56:40.163Z] E0804 17:56:40.163077   14020 watch.go:40] Failed to load config from "d:\\App Pointage\\dataconnect": could not find dataconnect.yaml in `d:\App Pointage\dataconnect`
 {"metadata":{"emulator":{"name":"dataconnect"},"message":"E0804 17:56:40.163077   14020 watch.go:40] Failed to load config from \"d:\\\\App Pointage\\\\dataconnect\": could not find dataconnect.yaml in `d:\\App Pointage\\dataconnect`\n"}}
[debug] [2026-08-04T16:56:50.162Z] E0804 17:56:50.162242   14020 watch.go:116] watchAllDir unable to walk dir `d:\App Pointage\dataconnect`: GetFileAttributesEx d:\App Pointage\dataconnect: The system cannot find the file specified.
E0804 17:56:50.162242   14020 watch.go:40] Failed to load config from "d:\\App Pointage\\dataconnect": could not find dataconnect.yaml in `d:\App Pointage\dataconnect`
 {"metadata":{"emulator":{"name":"dataconnect"},"message":"E0804 17:56:50.162242   14020 watch.go:116] watchAllDir unable to walk dir `d:\\App Pointage\\dataconnect`: GetFileAttributesEx d:\\App Pointage\\dataconnect: The system cannot find the file specified.\nE0804 17:56:50.162242   14020 watch.go:40] Failed to load config from \"d:\\\\App Pointage\\\\dataconnect\": could not find dataconnect.yaml in `d:\\App Pointage\\dataconnect`\n"}}
[debug] [2026-08-04T16:57:00.163Z] E0804 17:57:00.162302   14020 watch.go:40] Failed to load config from "d:\\App Pointage\\dataconnect": could not find dataconnect.yaml in `d:\App Pointage\dataconnect`
 {"metadata":{"emulator":{"name":"dataconnect"},"message":"E0804 17:57:00.162302   14020 watch.go:40] Failed to load config from \"d:\\\\App Pointage\\\\dataconnect\": could not find dataconnect.yaml in `d:\\App Pointage\\dataconnect`\n"}}
[debug] [2026-08-04T16:57:10.166Z] E0804 17:57:10.166421   14020 watch.go:40] Failed to load config from "d:\\App Pointage\\dataconnect": could not find dataconnect.yaml in `d:\App Pointage\dataconnect`
 {"metadata":{"emulator":{"name":"dataconnect"},"message":"E0804 17:57:10.166421   14020 watch.go:40] Failed to load config from \"d:\\\\App Pointage\\\\dataconnect\": could not find dataconnect.yaml in `d:\\App Pointage\\dataconnect`\n"}}
[debug] [2026-08-04T16:57:20.162Z] E0804 17:57:20.162183   14020 watch.go:40] Failed to load config from "d:\\App Pointage\\dataconnect": could not find dataconnect.yaml in `d:\App Pointage\dataconnect`
 {"metadata":{"emulator":{"name":"dataconnect"},"message":"E0804 17:57:20.162183   14020 watch.go:40] Failed to load config from \"d:\\\\App Pointage\\\\dataconnect\": could not find dataconnect.yaml in `d:\\App Pointage\\dataconnect`\n"}}
[debug] [2026-08-04T16:57:30.162Z] E0804 17:57:30.162952   14020 watch.go:40] Failed to load config from "d:\\App Pointage\\dataconnect": could not find dataconnect.yaml in `d:\App Pointage\dataconnect`
 {"metadata":{"emulator":{"name":"dataconnect"},"message":"E0804 17:57:30.162952   14020 watch.go:40] Failed to load config from \"d:\\\\App Pointage\\\\dataconnect\": could not find dataconnect.yaml in `d:\\App Pointage\\dataconnect`\n"}}
[debug] [2026-08-04T16:57:40.162Z] E0804 17:57:40.162577   14020 watch.go:40] Failed to load config from "d:\\App Pointage\\dataconnect": could not find dataconnect.yaml in `d:\App Pointage\dataconnect`
 {"metadata":{"emulator":{"name":"dataconnect"},"message":"E0804 17:57:40.162577   14020 watch.go:40] Failed to load config from \"d:\\\\App Pointage\\\\dataconnect\": could not find dataconnect.yaml in `d:\\App Pointage\\dataconnect`\n"}}
[debug] [2026-08-04T16:57:50.162Z] E0804 17:57:50.162345   14020 watch.go:40] Failed to load config from "d:\\App Pointage\\dataconnect": could not find dataconnect.yaml in `d:\App Pointage\dataconnect`
E0804 17:57:50.162345   14020 watch.go:116] watchAllDir unable to walk dir `d:\App Pointage\dataconnect`: GetFileAttributesEx d:\App Pointage\dataconnect: The system cannot find the file specified.
 {"metadata":{"emulator":{"name":"dataconnect"},"message":"E0804 17:57:50.162345   14020 watch.go:40] Failed to load config from \"d:\\\\App Pointage\\\\dataconnect\": could not find dataconnect.yaml in `d:\\App Pointage\\dataconnect`\nE0804 17:57:50.162345   14020 watch.go:116] watchAllDir unable to walk dir `d:\\App Pointage\\dataconnect`: GetFileAttributesEx d:\\App Pointage\\dataconnect: The system cannot find the file specified.\n"}}
[debug] [2026-08-04T16:58:00.161Z] E0804 17:58:00.162122   14020 watch.go:40] Failed to load config from "d:\\App Pointage\\dataconnect": could not find dataconnect.yaml in `d:\App Pointage\dataconnect`
 {"metadata":{"emulator":{"name":"dataconnect"},"message":"E0804 17:58:00.162122   14020 watch.go:40] Failed to load config from \"d:\\\\App Pointage\\\\dataconnect\": could not find dataconnect.yaml in `d:\\App Pointage\\dataconnect`\n"}}
[debug] [2026-08-04T16:58:10.162Z] E0804 17:58:10.162140   14020 watch.go:40] Failed to load config from "d:\\App Pointage\\dataconnect": could not find dataconnect.yaml in `d:\App Pointage\dataconnect`
 {"metadata":{"emulator":{"name":"dataconnect"},"message":"E0804 17:58:10.162140   14020 watch.go:40] Failed to load config from \"d:\\\\App Pointage\\\\dataconnect\": could not find dataconnect.yaml in `d:\\App Pointage\\dataconnect`\n"}}
[debug] [2026-08-04T16:58:20.162Z] E0804 17:58:20.162343   14020 watch.go:40] Failed to load config from "d:\\App Pointage\\dataconnect": could not find dataconnect.yaml in `d:\App Pointage\dataconnect`
 {"metadata":{"emulator":{"name":"dataconnect"},"message":"E0804 17:58:20.162343   14020 watch.go:40] Failed to load config from \"d:\\\\App Pointage\\\\dataconnect\": could not find dataconnect.yaml in `d:\\App Pointage\\dataconnect`\n"}}
[debug] [2026-08-04T16:58:30.162Z] E0804 17:58:30.162357   14020 watch.go:40] Failed to load config from "d:\\App Pointage\\dataconnect": could not find dataconnect.yaml in `d:\App Pointage\dataconnect`
 {"metadata":{"emulator":{"name":"dataconnect"},"message":"E0804 17:58:30.162357   14020 watch.go:40] Failed to load config from \"d:\\\\App Pointage\\\\dataconnect\": could not find dataconnect.yaml in `d:\\App Pointage\\dataconnect`\n"}}
[debug] [2026-08-04T16:58:40.162Z] E0804 17:58:40.162211   14020 watch.go:40] Failed to load config from "d:\\App Pointage\\dataconnect": could not find dataconnect.yaml in `d:\App Pointage\dataconnect`
 {"metadata":{"emulator":{"name":"dataconnect"},"message":"E0804 17:58:40.162211   14020 watch.go:40] Failed to load config from \"d:\\\\App Pointage\\\\dataconnect\": could not find dataconnect.yaml in `d:\\App Pointage\\dataconnect`\n"}}
[debug] [2026-08-04T16:58:50.162Z] E0804 17:58:50.162230   14020 watch.go:116] watchAllDir unable to walk dir `d:\App Pointage\dataconnect`: GetFileAttributesEx d:\App Pointage\dataconnect: The system cannot find the file specified.
E0804 17:58:50.162230   14020 watch.go:40] Failed to load config from "d:\\App Pointage\\dataconnect": could not find dataconnect.yaml in `d:\App Pointage\dataconnect`
 {"metadata":{"emulator":{"name":"dataconnect"},"message":"E0804 17:58:50.162230   14020 watch.go:116] watchAllDir unable to walk dir `d:\\App Pointage\\dataconnect`: GetFileAttributesEx d:\\App Pointage\\dataconnect: The system cannot find the file specified.\nE0804 17:58:50.162230   14020 watch.go:40] Failed to load config from \"d:\\\\App Pointage\\\\dataconnect\": could not find dataconnect.yaml in `d:\\App Pointage\\dataconnect`\n"}}
[debug] [2026-08-04T16:59:00.162Z] E0804 17:59:00.162518   14020 watch.go:40] Failed to load config from "d:\\App Pointage\\dataconnect": could not find dataconnect.yaml in `d:\App Pointage\dataconnect`
 {"metadata":{"emulator":{"name":"dataconnect"},"message":"E0804 17:59:00.162518   14020 watch.go:40] Failed to load config from \"d:\\\\App Pointage\\\\dataconnect\": could not find dataconnect.yaml in `d:\\App Pointage\\dataconnect`\n"}}
[debug] [2026-08-04T16:59:10.162Z] E0804 17:59:10.162437   14020 watch.go:40] Failed to load config from "d:\\App Pointage\\dataconnect": could not find dataconnect.yaml in `d:\App Pointage\dataconnect`
 {"metadata":{"emulator":{"name":"dataconnect"},"message":"E0804 17:59:10.162437   14020 watch.go:40] Failed to load config from \"d:\\\\App Pointage\\\\dataconnect\": could not find dataconnect.yaml in `d:\\App Pointage\\dataconnect`\n"}}
[debug] [2026-08-04T16:59:20.163Z] E0804 17:59:20.162595   14020 watch.go:40] Failed to load config from "d:\\App Pointage\\dataconnect": could not find dataconnect.yaml in `d:\App Pointage\dataconnect`
 {"metadata":{"emulator":{"name":"dataconnect"},"message":"E0804 17:59:20.162595   14020 watch.go:40] Failed to load config from \"d:\\\\App Pointage\\\\dataconnect\": could not find dataconnect.yaml in `d:\\App Pointage\\dataconnect`\n"}}
[debug] [2026-08-04T16:59:30.171Z] E0804 17:59:30.162450   14020 watch.go:40] Failed to load config from "d:\\App Pointage\\dataconnect": could not find dataconnect.yaml in `d:\App Pointage\dataconnect`
 {"metadata":{"emulator":{"name":"dataconnect"},"message":"E0804 17:59:30.162450   14020 watch.go:40] Failed to load config from \"d:\\\\App Pointage\\\\dataconnect\": could not find dataconnect.yaml in `d:\\App Pointage\\dataconnect`\n"}}
[debug] [2026-08-04T16:59:40.162Z] E0804 17:59:40.162150   14020 watch.go:40] Failed to load config from "d:\\App Pointage\\dataconnect": could not find dataconnect.yaml in `d:\App Pointage\dataconnect`
 {"metadata":{"emulator":{"name":"dataconnect"},"message":"E0804 17:59:40.162150   14020 watch.go:40] Failed to load config from \"d:\\\\App Pointage\\\\dataconnect\": could not find dataconnect.yaml in `d:\\App Pointage\\dataconnect`\n"}}
[debug] [2026-08-04T16:59:50.162Z] E0804 17:59:50.162524   14020 watch.go:116] watchAllDir unable to walk dir `d:\App Pointage\dataconnect`: GetFileAttributesEx d:\App Pointage\dataconnect: The system cannot find the file specified.
E0804 17:59:50.162524   14020 watch.go:40] Failed to load config from "d:\\App Pointage\\dataconnect": could not find dataconnect.yaml in `d:\App Pointage\dataconnect`
 {"metadata":{"emulator":{"name":"dataconnect"},"message":"E0804 17:59:50.162524   14020 watch.go:116] watchAllDir unable to walk dir `d:\\App Pointage\\dataconnect`: GetFileAttributesEx d:\\App Pointage\\dataconnect: The system cannot find the file specified.\nE0804 17:59:50.162524   14020 watch.go:40] Failed to load config from \"d:\\\\App Pointage\\\\dataconnect\": could not find dataconnect.yaml in `d:\\App Pointage\\dataconnect`\n"}}
[debug] [2026-08-04T17:00:00.162Z] E0804 18:00:00.162067   14020 watch.go:40] Failed to load config from "d:\\App Pointage\\dataconnect": could not find dataconnect.yaml in `d:\App Pointage\dataconnect`
 {"metadata":{"emulator":{"name":"dataconnect"},"message":"E0804 18:00:00.162067   14020 watch.go:40] Failed to load config from \"d:\\\\App Pointage\\\\dataconnect\": could not find dataconnect.yaml in `d:\\App Pointage\\dataconnect`\n"}}
[debug] [2026-08-04T17:00:10.162Z] E0804 18:00:10.162150   14020 watch.go:40] Failed to load config from "d:\\App Pointage\\dataconnect": could not find dataconnect.yaml in `d:\App Pointage\dataconnect`
 {"metadata":{"emulator":{"name":"dataconnect"},"message":"E0804 18:00:10.162150   14020 watch.go:40] Failed to load config from \"d:\\\\App Pointage\\\\dataconnect\": could not find dataconnect.yaml in `d:\\App Pointage\\dataconnect`\n"}}
[debug] [2026-08-04T17:00:20.162Z] E0804 18:00:20.162092   14020 watch.go:40] Failed to load config from "d:\\App Pointage\\dataconnect": could not find dataconnect.yaml in `d:\App Pointage\dataconnect`
 {"metadata":{"emulator":{"name":"dataconnect"},"message":"E0804 18:00:20.162092   14020 watch.go:40] Failed to load config from \"d:\\\\App Pointage\\\\dataconnect\": could not find dataconnect.yaml in `d:\\App Pointage\\dataconnect`\n"}}
[debug] [2026-08-04T17:00:30.163Z] E0804 18:00:30.162587   14020 watch.go:40] Failed to load config from "d:\\App Pointage\\dataconnect": could not find dataconnect.yaml in `d:\App Pointage\dataconnect`
 {"metadata":{"emulator":{"name":"dataconnect"},"message":"E0804 18:00:30.162587   14020 watch.go:40] Failed to load config from \"d:\\\\App Pointage\\\\dataconnect\": could not find dataconnect.yaml in `d:\\App Pointage\\dataconnect`\n"}}
[debug] [2026-08-04T17:00:40.162Z] E0804 18:00:40.162125   14020 watch.go:40] Failed to load config from "d:\\App Pointage\\dataconnect": could not find dataconnect.yaml in `d:\App Pointage\dataconnect`
 {"metadata":{"emulator":{"name":"dataconnect"},"message":"E0804 18:00:40.162125   14020 watch.go:40] Failed to load config from \"d:\\\\App Pointage\\\\dataconnect\": could not find dataconnect.yaml in `d:\\App Pointage\\dataconnect`\n"}}
[debug] [2026-08-04T17:00:50.162Z] E0804 18:00:50.162366   14020 watch.go:116] watchAllDir unable to walk dir `d:\App Pointage\dataconnect`: GetFileAttributesEx d:\App Pointage\dataconnect: The system cannot find the file specified.
E0804 18:00:50.162366   14020 watch.go:40] Failed to load config from "d:\\App Pointage\\dataconnect": could not find dataconnect.yaml in `d:\App Pointage\dataconnect`
 {"metadata":{"emulator":{"name":"dataconnect"},"message":"E0804 18:00:50.162366   14020 watch.go:116] watchAllDir unable to walk dir `d:\\App Pointage\\dataconnect`: GetFileAttributesEx d:\\App Pointage\\dataconnect: The system cannot find the file specified.\nE0804 18:00:50.162366   14020 watch.go:40] Failed to load config from \"d:\\\\App Pointage\\\\dataconnect\": could not find dataconnect.yaml in `d:\\App Pointage\\dataconnect`\n"}}
[debug] [2026-08-04T17:01:00.163Z] E0804 18:01:00.162870   14020 watch.go:40] Failed to load config from "d:\\App Pointage\\dataconnect": could not find dataconnect.yaml in `d:\App Pointage\dataconnect`
 {"metadata":{"emulator":{"name":"dataconnect"},"message":"E0804 18:01:00.162870   14020 watch.go:40] Failed to load config from \"d:\\\\App Pointage\\\\dataconnect\": could not find dataconnect.yaml in `d:\\App Pointage\\dataconnect`\n"}}
[debug] [2026-08-04T17:01:10.162Z] E0804 18:01:10.162416   14020 watch.go:40] Failed to load config from "d:\\App Pointage\\dataconnect": could not find dataconnect.yaml in `d:\App Pointage\dataconnect`
 {"metadata":{"emulator":{"name":"dataconnect"},"message":"E0804 18:01:10.162416   14020 watch.go:40] Failed to load config from \"d:\\\\App Pointage\\\\dataconnect\": could not find dataconnect.yaml in `d:\\App Pointage\\dataconnect`\n"}}
[debug] [2026-08-04T17:01:20.165Z] E0804 18:01:20.165348   14020 watch.go:40] Failed to load config from "d:\\App Pointage\\dataconnect": could not find dataconnect.yaml in `d:\App Pointage\dataconnect`
 {"metadata":{"emulator":{"name":"dataconnect"},"message":"E0804 18:01:20.165348   14020 watch.go:40] Failed to load config from \"d:\\\\App Pointage\\\\dataconnect\": could not find dataconnect.yaml in `d:\\App Pointage\\dataconnect`\n"}}
[debug] [2026-08-04T17:01:30.162Z] E0804 18:01:30.162356   14020 watch.go:40] Failed to load config from "d:\\App Pointage\\dataconnect": could not find dataconnect.yaml in `d:\App Pointage\dataconnect`
 {"metadata":{"emulator":{"name":"dataconnect"},"message":"E0804 18:01:30.162356   14020 watch.go:40] Failed to load config from \"d:\\\\App Pointage\\\\dataconnect\": could not find dataconnect.yaml in `d:\\App Pointage\\dataconnect`\n"}}
[debug] [2026-08-04T17:01:40.162Z] E0804 18:01:40.162262   14020 watch.go:40] Failed to load config from "d:\\App Pointage\\dataconnect": could not find dataconnect.yaml in `d:\App Pointage\dataconnect`
 {"metadata":{"emulator":{"name":"dataconnect"},"message":"E0804 18:01:40.162262   14020 watch.go:40] Failed to load config from \"d:\\\\App Pointage\\\\dataconnect\": could not find dataconnect.yaml in `d:\\App Pointage\\dataconnect`\n"}}
[debug] [2026-08-04T17:01:50.162Z] E0804 18:01:50.162584   14020 watch.go:116] watchAllDir unable to walk dir `d:\App Pointage\dataconnect`: GetFileAttributesEx d:\App Pointage\dataconnect: The system cannot find the file specified.
E0804 18:01:50.162584   14020 watch.go:40] Failed to load config from "d:\\App Pointage\\dataconnect": could not find dataconnect.yaml in `d:\App Pointage\dataconnect`
 {"metadata":{"emulator":{"name":"dataconnect"},"message":"E0804 18:01:50.162584   14020 watch.go:116] watchAllDir unable to walk dir `d:\\App Pointage\\dataconnect`: GetFileAttributesEx d:\\App Pointage\\dataconnect: The system cannot find the file specified.\nE0804 18:01:50.162584   14020 watch.go:40] Failed to load config from \"d:\\\\App Pointage\\\\dataconnect\": could not find dataconnect.yaml in `d:\\App Pointage\\dataconnect`\n"}}
[debug] [2026-08-04T17:02:00.162Z] E0804 18:02:00.162307   14020 watch.go:40] Failed to load config from "d:\\App Pointage\\dataconnect": could not find dataconnect.yaml in `d:\App Pointage\dataconnect`
 {"metadata":{"emulator":{"name":"dataconnect"},"message":"E0804 18:02:00.162307   14020 watch.go:40] Failed to load config from \"d:\\\\App Pointage\\\\dataconnect\": could not find dataconnect.yaml in `d:\\App Pointage\\dataconnect`\n"}}
[debug] [2026-08-04T17:02:10.162Z] E0804 18:02:10.162565   14020 watch.go:40] Failed to load config from "d:\\App Pointage\\dataconnect": could not find dataconnect.yaml in `d:\App Pointage\dataconnect`
 {"metadata":{"emulator":{"name":"dataconnect"},"message":"E0804 18:02:10.162565   14020 watch.go:40] Failed to load config from \"d:\\\\App Pointage\\\\dataconnect\": could not find dataconnect.yaml in `d:\\App Pointage\\dataconnect`\n"}}
[debug] [2026-08-04T17:02:20.171Z] E0804 18:02:20.162979   14020 watch.go:40] Failed to load config from "d:\\App Pointage\\dataconnect": could not find dataconnect.yaml in `d:\App Pointage\dataconnect`
 {"metadata":{"emulator":{"name":"dataconnect"},"message":"E0804 18:02:20.162979   14020 watch.go:40] Failed to load config from \"d:\\\\App Pointage\\\\dataconnect\": could not find dataconnect.yaml in `d:\\App Pointage\\dataconnect`\n"}}
[debug] [2026-08-04T17:02:30.163Z] E0804 18:02:30.162667   14020 watch.go:40] Failed to load config from "d:\\App Pointage\\dataconnect": could not find dataconnect.yaml in `d:\App Pointage\dataconnect`
 {"metadata":{"emulator":{"name":"dataconnect"},"message":"E0804 18:02:30.162667   14020 watch.go:40] Failed to load config from \"d:\\\\App Pointage\\\\dataconnect\": could not find dataconnect.yaml in `d:\\App Pointage\\dataconnect`\n"}}
[debug] [2026-08-04T17:02:40.162Z] E0804 18:02:40.162103   14020 watch.go:40] Failed to load config from "d:\\App Pointage\\dataconnect": could not find dataconnect.yaml in `d:\App Pointage\dataconnect`
 {"metadata":{"emulator":{"name":"dataconnect"},"message":"E0804 18:02:40.162103   14020 watch.go:40] Failed to load config from \"d:\\\\App Pointage\\\\dataconnect\": could not find dataconnect.yaml in `d:\\App Pointage\\dataconnect`\n"}}
[debug] [2026-08-04T17:02:50.162Z] E0804 18:02:50.162570   14020 watch.go:40] Failed to load config from "d:\\App Pointage\\dataconnect": could not find dataconnect.yaml in `d:\App Pointage\dataconnect`
 {"metadata":{"emulator":{"name":"dataconnect"},"message":"E0804 18:02:50.162570   14020 watch.go:40] Failed to load config from \"d:\\\\App Pointage\\\\dataconnect\": could not find dataconnect.yaml in `d:\\App Pointage\\dataconnect`\n"}}
[debug] [2026-08-04T17:02:50.164Z] E0804 18:02:50.162570   14020 watch.go:116] watchAllDir unable to walk dir `d:\App Pointage\dataconnect`: GetFileAttributesEx d:\App Pointage\dataconnect: The system cannot find the file specified.
 {"metadata":{"emulator":{"name":"dataconnect"},"message":"E0804 18:02:50.162570   14020 watch.go:116] watchAllDir unable to walk dir `d:\\App Pointage\\dataconnect`: GetFileAttributesEx d:\\App Pointage\\dataconnect: The system cannot find the file specified.\n"}}
[debug] [2026-08-04T17:03:00.162Z] E0804 18:03:00.162280   14020 watch.go:40] Failed to load config from "d:\\App Pointage\\dataconnect": could not find dataconnect.yaml in `d:\App Pointage\dataconnect`
 {"metadata":{"emulator":{"name":"dataconnect"},"message":"E0804 18:03:00.162280   14020 watch.go:40] Failed to load config from \"d:\\\\App Pointage\\\\dataconnect\": could not find dataconnect.yaml in `d:\\App Pointage\\dataconnect`\n"}}
[debug] [2026-08-04T17:03:10.162Z] E0804 18:03:10.162290   14020 watch.go:40] Failed to load config from "d:\\App Pointage\\dataconnect": could not find dataconnect.yaml in `d:\App Pointage\dataconnect`
 {"metadata":{"emulator":{"name":"dataconnect"},"message":"E0804 18:03:10.162290   14020 watch.go:40] Failed to load config from \"d:\\\\App Pointage\\\\dataconnect\": could not find dataconnect.yaml in `d:\\App Pointage\\dataconnect`\n"}}
[debug] [2026-08-04T17:03:20.162Z] E0804 18:03:20.162057   14020 watch.go:40] Failed to load config from "d:\\App Pointage\\dataconnect": could not find dataconnect.yaml in `d:\App Pointage\dataconnect`
 {"metadata":{"emulator":{"name":"dataconnect"},"message":"E0804 18:03:20.162057   14020 watch.go:40] Failed to load config from \"d:\\\\App Pointage\\\\dataconnect\": could not find dataconnect.yaml in `d:\\App Pointage\\dataconnect`\n"}}
[debug] [2026-08-04T17:03:30.162Z] E0804 18:03:30.162363   14020 watch.go:40] Failed to load config from "d:\\App Pointage\\dataconnect": could not find dataconnect.yaml in `d:\App Pointage\dataconnect`
 {"metadata":{"emulator":{"name":"dataconnect"},"message":"E0804 18:03:30.162363   14020 watch.go:40] Failed to load config from \"d:\\\\App Pointage\\\\dataconnect\": could not find dataconnect.yaml in `d:\\App Pointage\\dataconnect`\n"}}
[debug] [2026-08-04T17:03:40.162Z] E0804 18:03:40.162072   14020 watch.go:40] Failed to load config from "d:\\App Pointage\\dataconnect": could not find dataconnect.yaml in `d:\App Pointage\dataconnect`
 {"metadata":{"emulator":{"name":"dataconnect"},"message":"E0804 18:03:40.162072   14020 watch.go:40] Failed to load config from \"d:\\\\App Pointage\\\\dataconnect\": could not find dataconnect.yaml in `d:\\App Pointage\\dataconnect`\n"}}
[debug] [2026-08-04T17:03:50.162Z] E0804 18:03:50.162417   14020 watch.go:40] Failed to load config from "d:\\App Pointage\\dataconnect": could not find dataconnect.yaml in `d:\App Pointage\dataconnect`
 {"metadata":{"emulator":{"name":"dataconnect"},"message":"E0804 18:03:50.162417   14020 watch.go:40] Failed to load config from \"d:\\\\App Pointage\\\\dataconnect\": could not find dataconnect.yaml in `d:\\App Pointage\\dataconnect`\n"}}
[debug] [2026-08-04T17:03:50.163Z] E0804 18:03:50.162417   14020 watch.go:116] watchAllDir unable to walk dir `d:\App Pointage\dataconnect`: GetFileAttributesEx d:\App Pointage\dataconnect: The system cannot find the file specified.
 {"metadata":{"emulator":{"name":"dataconnect"},"message":"E0804 18:03:50.162417   14020 watch.go:116] watchAllDir unable to walk dir `d:\\App Pointage\\dataconnect`: GetFileAttributesEx d:\\App Pointage\\dataconnect: The system cannot find the file specified.\n"}}
[debug] [2026-08-04T17:04:00.162Z] E0804 18:04:00.162089   14020 watch.go:40] Failed to load config from "d:\\App Pointage\\dataconnect": could not find dataconnect.yaml in `d:\App Pointage\dataconnect`
 {"metadata":{"emulator":{"name":"dataconnect"},"message":"E0804 18:04:00.162089   14020 watch.go:40] Failed to load config from \"d:\\\\App Pointage\\\\dataconnect\": could not find dataconnect.yaml in `d:\\App Pointage\\dataconnect`\n"}}
[debug] [2026-08-04T17:04:10.162Z] E0804 18:04:10.162058   14020 watch.go:40] Failed to load config from "d:\\App Pointage\\dataconnect": could not find dataconnect.yaml in `d:\App Pointage\dataconnect`
 {"metadata":{"emulator":{"name":"dataconnect"},"message":"E0804 18:04:10.162058   14020 watch.go:40] Failed to load config from \"d:\\\\App Pointage\\\\dataconnect\": could not find dataconnect.yaml in `d:\\App Pointage\\dataconnect`\n"}}
[debug] [2026-08-04T17:04:20.162Z] E0804 18:04:20.162085   14020 watch.go:40] Failed to load config from "d:\\App Pointage\\dataconnect": could not find dataconnect.yaml in `d:\App Pointage\dataconnect`
 {"metadata":{"emulator":{"name":"dataconnect"},"message":"E0804 18:04:20.162085   14020 watch.go:40] Failed to load config from \"d:\\\\App Pointage\\\\dataconnect\": could not find dataconnect.yaml in `d:\\App Pointage\\dataconnect`\n"}}
[debug] [2026-08-04T17:04:30.162Z] E0804 18:04:30.162464   14020 watch.go:40] Failed to load config from "d:\\App Pointage\\dataconnect": could not find dataconnect.yaml in `d:\App Pointage\dataconnect`
 {"metadata":{"emulator":{"name":"dataconnect"},"message":"E0804 18:04:30.162464   14020 watch.go:40] Failed to load config from \"d:\\\\App Pointage\\\\dataconnect\": could not find dataconnect.yaml in `d:\\App Pointage\\dataconnect`\n"}}
[debug] [2026-08-04T17:04:40.162Z] E0804 18:04:40.162439   14020 watch.go:40] Failed to load config from "d:\\App Pointage\\dataconnect": could not find dataconnect.yaml in `d:\App Pointage\dataconnect`
 {"metadata":{"emulator":{"name":"dataconnect"},"message":"E0804 18:04:40.162439   14020 watch.go:40] Failed to load config from \"d:\\\\App Pointage\\\\dataconnect\": could not find dataconnect.yaml in `d:\\App Pointage\\dataconnect`\n"}}
[debug] [2026-08-04T17:04:50.163Z] E0804 18:04:50.162789   14020 watch.go:116] watchAllDir unable to walk dir `d:\App Pointage\dataconnect`: GetFileAttributesEx d:\App Pointage\dataconnect: The system cannot find the file specified.
E0804 18:04:50.162789   14020 watch.go:40] Failed to load config from "d:\\App Pointage\\dataconnect": could not find dataconnect.yaml in `d:\App Pointage\dataconnect`
 {"metadata":{"emulator":{"name":"dataconnect"},"message":"E0804 18:04:50.162789   14020 watch.go:116] watchAllDir unable to walk dir `d:\\App Pointage\\dataconnect`: GetFileAttributesEx d:\\App Pointage\\dataconnect: The system cannot find the file specified.\nE0804 18:04:50.162789   14020 watch.go:40] Failed to load config from \"d:\\\\App Pointage\\\\dataconnect\": could not find dataconnect.yaml in `d:\\App Pointage\\dataconnect`\n"}}
[debug] [2026-08-04T17:05:00.162Z] E0804 18:05:00.162374   14020 watch.go:40] Failed to load config from "d:\\App Pointage\\dataconnect": could not find dataconnect.yaml in `d:\App Pointage\dataconnect`
 {"metadata":{"emulator":{"name":"dataconnect"},"message":"E0804 18:05:00.162374   14020 watch.go:40] Failed to load config from \"d:\\\\App Pointage\\\\dataconnect\": could not find dataconnect.yaml in `d:\\App Pointage\\dataconnect`\n"}}
[debug] [2026-08-04T17:05:10.163Z] E0804 18:05:10.162270   14020 watch.go:40] Failed to load config from "d:\\App Pointage\\dataconnect": could not find dataconnect.yaml in `d:\App Pointage\dataconnect`
 {"metadata":{"emulator":{"name":"dataconnect"},"message":"E0804 18:05:10.162270   14020 watch.go:40] Failed to load config from \"d:\\\\App Pointage\\\\dataconnect\": could not find dataconnect.yaml in `d:\\App Pointage\\dataconnect`\n"}}
[debug] [2026-08-04T17:05:20.163Z] E0804 18:05:20.162971   14020 watch.go:40] Failed to load config from "d:\\App Pointage\\dataconnect": could not find dataconnect.yaml in `d:\App Pointage\dataconnect`
 {"metadata":{"emulator":{"name":"dataconnect"},"message":"E0804 18:05:20.162971   14020 watch.go:40] Failed to load config from \"d:\\\\App Pointage\\\\dataconnect\": could not find dataconnect.yaml in `d:\\App Pointage\\dataconnect`\n"}}
[debug] [2026-08-04T17:05:30.162Z] E0804 18:05:30.162461   14020 watch.go:40] Failed to load config from "d:\\App Pointage\\dataconnect": could not find dataconnect.yaml in `d:\App Pointage\dataconnect`
 {"metadata":{"emulator":{"name":"dataconnect"},"message":"E0804 18:05:30.162461   14020 watch.go:40] Failed to load config from \"d:\\\\App Pointage\\\\dataconnect\": could not find dataconnect.yaml in `d:\\App Pointage\\dataconnect`\n"}}
[debug] [2026-08-04T17:05:40.167Z] E0804 18:05:40.166739   14020 watch.go:40] Failed to load config from "d:\\App Pointage\\dataconnect": could not find dataconnect.yaml in `d:\App Pointage\dataconnect`
 {"metadata":{"emulator":{"name":"dataconnect"},"message":"E0804 18:05:40.166739   14020 watch.go:40] Failed to load config from \"d:\\\\App Pointage\\\\dataconnect\": could not find dataconnect.yaml in `d:\\App Pointage\\dataconnect`\n"}}
[debug] [2026-08-04T17:05:50.162Z] E0804 18:05:50.162399   14020 watch.go:116] watchAllDir unable to walk dir `d:\App Pointage\dataconnect`: GetFileAttributesEx d:\App Pointage\dataconnect: The system cannot find the file specified.
E0804 18:05:50.162399   14020 watch.go:40] Failed to load config from "d:\\App Pointage\\dataconnect": could not find dataconnect.yaml in `d:\App Pointage\dataconnect`
 {"metadata":{"emulator":{"name":"dataconnect"},"message":"E0804 18:05:50.162399   14020 watch.go:116] watchAllDir unable to walk dir `d:\\App Pointage\\dataconnect`: GetFileAttributesEx d:\\App Pointage\\dataconnect: The system cannot find the file specified.\nE0804 18:05:50.162399   14020 watch.go:40] Failed to load config from \"d:\\\\App Pointage\\\\dataconnect\": could not find dataconnect.yaml in `d:\\App Pointage\\dataconnect`\n"}}
[info] [Firebase Plugin] Stopping SQL Connect toolkit
[debug] [2026-08-04T17:06:00.583Z] E0804 18:06:00.162834   14020 watch.go:40] Failed to load config from "d:\\App Pointage\\dataconnect": could not find dataconnect.yaml in `d:\App Pointage\dataconnect`
 {"metadata":{"emulator":{"name":"dataconnect"},"message":"E0804 18:06:00.162834   14020 watch.go:40] Failed to load config from \"d:\\\\App Pointage\\\\dataconnect\": could not find dataconnect.yaml in `d:\\App Pointage\\dataconnect`\n"}}
[warn] !  SQL Connect Emulator has exited upon receiving signal: SIGINT 
